-- EXECUTE SQL: DROP DATABASE IF EXISTS tc_between; --
200 OK


-- EXECUTE SQL: CREATE DATABASE tc_between WITH TTL '100000d'; --
200 OK


-- EXECUTE SQL: CREATE TABLE IF NOT EXISTS m2(f0 BIGINT UNSIGNED , f1 BIGINT , TAGS(t0, t1)); --
200 OK


-- EXECUTE SQL: INSERT m2(TIME, t0, f0, t1, f1) VALUES(CAST (1672301798050000000 AS TIMESTAMP), 'Ig.UZ', 531136669299148225, 'n꓃DH~B ', 9223372036854775807),(CAST (1672301798060000000 AS TIMESTAMP), '263356943', 1040920791041719924, '', -9223372036854775807),(CAST (1672301798070000000 AS TIMESTAMP), '1040920791041719924', 442061994865016078, 'gc.', 0); --
-- AFTER_SORT --
200 OK
rows
3

-- EXECUTE SQL: INSERT m2(TIME, t0, f0, t1, f1) VALUES(CAST (3031647407609562138 AS TIMESTAMP), 'ᵵh', 4166390262642105876, '7ua', 0.0),(CAST (1079616064603730664 AS TIMESTAMP), '}\', 7806435932478031652, 'qy', 23.456), (CAST (263356943 AS TIMESTAMP), '0.6287658423307444', 5466573340614276155, ',J씟\h', -23.456), (CAST (1742494251700243812 AS TIMESTAMP), '#f^Kr잿z', 196790207, 'aF', 0.123); --
-- AFTER_SORT --
200 OK
rows
4

-- EXECUTE SQL: INSERT m2(TIME, t0, f0, t1, f1)  VALUES(CAST (3584132160280509277 AS TIMESTAMP), '', 4132058214182166915, 'V*1lE/', -0.123); --
-- AFTER_SORT --
200 OK
rows
1

-- EXECUTE SQL: SELECT m2.f0 FROM m2 WHERE CAST(0 AS STRING) BETWEEN (CAST( starts_with(m2.t0, m2.t1) AS STRING)) AND (m2.t1); --
-- AFTER_SORT --
200 OK
f0
196790207
4132058214182166915
4166390262642105876
442061994865016078
531136669299148225
7806435932478031652

-- EXECUTE SQL: SELECT * FROM m2 ORDER BY t1; --
-- AFTER_SORT --
200 OK
time,t0,t1,f0,f1
1970-01-01T00:00:00.263356943,0.6287658423307444,",J씟\h",5466573340614276155,-23
2004-03-18T13:21:04.603730664,}\,qy,7806435932478031652,23
2022-12-29T08:16:38.050000000,Ig.UZ,n꓃DH~B ,531136669299148225,9223372036854775807
2022-12-29T08:16:38.060000000,263356943,,1040920791041719924,-9223372036854775807
2022-12-29T08:16:38.070000000,1040920791041719924,gc.,442061994865016078,0
2025-03-20T18:10:51.700243812,#f^Kr잿z,aF,196790207,0
2066-01-25T12:16:47.609562138,ᵵh,7ua,4166390262642105876,0
2083-07-30T00:16:00.280509277,,V*1lE/,4132058214182166915,0

-- EXECUTE SQL: SELECT * FROM m2 WHERE t1 <= '0'; --
-- AFTER_SORT --
200 OK
time,t0,t1,f0,f1
1970-01-01T00:00:00.263356943,0.6287658423307444,",J씟\h",5466573340614276155,-23
2022-12-29T08:16:38.060000000,263356943,,1040920791041719924,-9223372036854775807

-- EXECUTE SQL: SELECT * FROM m2 WHERE t1 >= '0'; --
-- AFTER_SORT --
200 OK
time,t0,t1,f0,f1
2004-03-18T13:21:04.603730664,}\,qy,7806435932478031652,23
2022-12-29T08:16:38.050000000,Ig.UZ,n꓃DH~B ,531136669299148225,9223372036854775807
2022-12-29T08:16:38.070000000,1040920791041719924,gc.,442061994865016078,0
2025-03-20T18:10:51.700243812,#f^Kr잿z,aF,196790207,0
2066-01-25T12:16:47.609562138,ᵵh,7ua,4166390262642105876,0
2083-07-30T00:16:00.280509277,,V*1lE/,4132058214182166915,0

-- EXECUTE SQL: SELECT * FROM m2 WHERE t1 <= '8'; --
-- AFTER_SORT --
200 OK
time,t0,t1,f0,f1
1970-01-01T00:00:00.263356943,0.6287658423307444,",J씟\h",5466573340614276155,-23
2022-12-29T08:16:38.060000000,263356943,,1040920791041719924,-9223372036854775807
2066-01-25T12:16:47.609562138,ᵵh,7ua,4166390262642105876,0

-- EXECUTE SQL: SELECT * FROM m2 WHERE t1 BETWEEN '7ua' AND 'aF'; --
-- AFTER_SORT --
200 OK
time,t0,t1,f0,f1
2025-03-20T18:10:51.700243812,#f^Kr잿z,aF,196790207,0
2066-01-25T12:16:47.609562138,ᵵh,7ua,4166390262642105876,0
2083-07-30T00:16:00.280509277,,V*1lE/,4132058214182166915,0

-- EXECUTE SQL: SELECT * FROM m2 WHERE t1 <= 'V*1lE/'; --
-- AFTER_SORT --
200 OK
time,t0,t1,f0,f1
1970-01-01T00:00:00.263356943,0.6287658423307444,",J씟\h",5466573340614276155,-23
2022-12-29T08:16:38.060000000,263356943,,1040920791041719924,-9223372036854775807
2066-01-25T12:16:47.609562138,ᵵh,7ua,4166390262642105876,0
2083-07-30T00:16:00.280509277,,V*1lE/,4132058214182166915,0

-- EXECUTE SQL: SELECT * FROM m2 WHERE t1 >= 'gc.'; --
-- AFTER_SORT --
200 OK
time,t0,t1,f0,f1
2004-03-18T13:21:04.603730664,}\,qy,7806435932478031652,23
2022-12-29T08:16:38.050000000,Ig.UZ,n꓃DH~B ,531136669299148225,9223372036854775807
2022-12-29T08:16:38.070000000,1040920791041719924,gc.,442061994865016078,0

-- EXECUTE SQL: SELECT * FROM m2 WHERE f1 > -0.123; --
-- AFTER_SORT --
200 OK
time,t0,t1,f0,f1
2004-03-18T13:21:04.603730664,}\,qy,7806435932478031652,23
2022-12-29T08:16:38.050000000,Ig.UZ,n꓃DH~B ,531136669299148225,9223372036854775807
2022-12-29T08:16:38.070000000,1040920791041719924,gc.,442061994865016078,0
2025-03-20T18:10:51.700243812,#f^Kr잿z,aF,196790207,0
2066-01-25T12:16:47.609562138,ᵵh,7ua,4166390262642105876,0
2083-07-30T00:16:00.280509277,,V*1lE/,4132058214182166915,0
