-- EXECUTE SQL: drop database if exists time_window; --
200 OK


-- EXECUTE SQL: create database time_window WITH TTL '1000000d'; --
200 OK


-- EXECUTE SQL: drop table if exists m2; --
200 OK


-- EXECUTE SQL: CREATE TABLE IF NOT EXISTS m2(f0 BIGINT , f1 DOUBLE , TAGS(t0, t1, t2) ); --
200 OK


-- EXECUTE SQL: INSERT m2(TIME, f0, f1, t0, t1) VALUES('1999-12-31 00:00:00.000', 111, 444, 'tag11', 'tag21'); --
-- AFTER_SORT --
200 OK
rows
1


-- EXECUTE SQL: INSERT m2(TIME, f0, f1, t0, t1) VALUES('1999-12-31 00:00:00.005', 222, 333, 'tag12', 'tag22'); --
-- AFTER_SORT --
200 OK
rows
1


-- EXECUTE SQL: INSERT m2(TIME, f0, f1, t0, t1) VALUES('1999-12-31 00:00:00.010', 333, 222, 'tag13', 'tag23'); --
-- AFTER_SORT --
200 OK
rows
1


-- EXECUTE SQL: INSERT m2(TIME, f0, f1, t0, t1) VALUES('1999-12-31 00:00:00.015', 444, 111, 'tag14', 'tag24'); --
-- AFTER_SORT --
200 OK
rows
1


-- EXECUTE SQL: select time_window(time, '0.003ms', '0.001ms'), * from m2; --
-- AFTER_SORT --
-- ERROR: --
422 Unprocessable Entity
{"error_code":"010001","error_message":"Datafusion: transform_time_window\ncaused by\nInternal error: Optimizer rule 'transform_time_window' failed due to unexpected error: External error: Invalid TimeWindow parameter : Must be greater than or equal to 1ms, but found: 0.003ms. This was likely caused by a bug in DataFusion's code and we would welcome that you file an bug report in our issue tracker"}


-- EXECUTE SQL: select time_window(time, '3ms', '0.001ms'), * from m2; --
-- AFTER_SORT --
-- ERROR: --
422 Unprocessable Entity
{"error_code":"010001","error_message":"Datafusion: transform_time_window\ncaused by\nInternal error: Optimizer rule 'transform_time_window' failed due to unexpected error: External error: Invalid TimeWindow parameter : Must be greater than or equal to 1ms, but found: 0.001ms. This was likely caused by a bug in DataFusion's code and we would welcome that you file an bug report in our issue tracker"}


-- EXECUTE SQL: select time_window(time, '1ms', '366d'), * from m2; --
-- AFTER_SORT --
-- ERROR: --
422 Unprocessable Entity
{"error_code":"010001","error_message":"Datafusion: transform_time_window\ncaused by\nInternal error: Optimizer rule 'transform_time_window' failed due to unexpected error: External error: Invalid TimeWindow parameter : Max duration is (0s, 365d], but found 31622400s. This was likely caused by a bug in DataFusion's code and we would welcome that you file an bug report in our issue tracker"}


-- EXECUTE SQL: select time_window(time, '10ms', '6ms') as window, time_window(time, '10ms', '7ms'), * from m2 order by window, time; --
-- AFTER_SORT --
-- ERROR: --
422 Unprocessable Entity
{"error_code":"010001","error_message":"Datafusion: transform_time_window\ncaused by\nInternal error: Optimizer rule 'transform_time_window' failed due to unexpected error: Error during planning: Only support a single window expression for now, but found: [TIME_WINDOW(m2.time, Utf8(\"10ms\"), Utf8(\"6ms\")), TIME_WINDOW(m2.time, Utf8(\"10ms\"), Utf8(\"7ms\"))]. This was likely caused by a bug in DataFusion's code and we would welcome that you file an bug report in our issue tracker"}


-- EXECUTE SQL: select time_window(time, '10ms', '6ms') as window, * from m2 order by window, time; --
-- AFTER_SORT --
200 OK
window,time,t0,t1,t2,f0,f1
1999-12-30T23:59:59.994000000,1999-12-31T00:00:00.000000000,tag11,tag21,,111,444.0
1999-12-31T00:00:00.000000000,1999-12-31T00:00:00.000000000,tag11,tag21,,111,444.0
1999-12-31T00:00:00.000000000,1999-12-31T00:00:00.005000000,tag12,tag22,,222,333.0
1999-12-31T00:00:00.006000000,1999-12-31T00:00:00.010000000,tag13,tag23,,333,222.0
1999-12-31T00:00:00.006000000,1999-12-31T00:00:00.015000000,tag14,tag24,,444,111.0
1999-12-31T00:00:00.012000000,1999-12-31T00:00:00.015000000,tag14,tag24,,444,111.0


-- EXECUTE SQL: drop table if exists err; --
200 OK


-- EXECUTE SQL: CREATE TABLE IF NOT EXISTS err(f0 BIGINT , f1 DOUBLE , TAGS(t0, t1, t2) ); --
200 OK


-- EXECUTE SQL: INSERT err(TIME, f0, f1, t0, t1) VALUES('2262-04-11 23:47:16.854775807', 111, 444, 'tag11', 'tag21'); --
-- AFTER_SORT --
-- ERROR: --
422 Unprocessable Entity
{"error_code":"050001","error_message":"Meta request error: Error: create bucket unknown error db:time_window 9223372036854775807"}


-- EXECUTE SQL: INSERT err(TIME, f0, f1, t0, t1) VALUES('1677-09-21 00:12:44.0', 111, 444, 'tag11', 'tag21'); --
-- AFTER_SORT --
-- ERROR: --
422 Unprocessable Entity
{"error_code":"050014","error_message":"write expired time data not permit"}


-- EXECUTE SQL: INSERT err(TIME, f0, f1, t0, t1) VALUES('1688-09-21 00:12:44.0', 111, 444, 'tag11', 'tag21'); --
-- AFTER_SORT --
-- ERROR: --
422 Unprocessable Entity
{"error_code":"050014","error_message":"write expired time data not permit"}


-- EXECUTE SQL: INSERT err(TIME, f0, f1, t0, t1) VALUES('1970-01-01T00:00:00', 111, 444, 'tag11', 'tag21'); --
-- AFTER_SORT --
200 OK
rows
1


-- EXECUTE SQL: INSERT err(TIME, f0, f1, t0, t1) VALUES('1980-01-01T00:00:00', 111, 444, 'tag11', 'tag21'); --
-- AFTER_SORT --
200 OK
rows
1


-- EXECUTE SQL: select time_window(time, '10ms', '6ms') as window, * from err order by window, time; --
-- AFTER_SORT --
200 OK
window,time,t0,t1,t2,f0,f1
1969-12-31T23:59:59.994000000,1970-01-01T00:00:00.000000000,tag11,tag21,,111,444.0
1970-01-01T00:00:00.000000000,1970-01-01T00:00:00.000000000,tag11,tag21,,111,444.0
1979-12-31T23:59:59.994000000,1980-01-01T00:00:00.000000000,tag11,tag21,,111,444.0
1980-01-01T00:00:00.000000000,1980-01-01T00:00:00.000000000,tag11,tag21,,111,444.0


-- EXECUTE SQL: select time_window(time, '10ms', '6ms') as window_start, sum(f0) as sum, count(f1) from err group by window_start order by window_start, sum; --
-- AFTER_SORT --
200 OK
window_start,sum,COUNT(err.f1)
1969-12-31T23:59:59.994000000,111,1
1970-01-01T00:00:00.000000000,111,1
1979-12-31T23:59:59.994000000,111,1
1980-01-01T00:00:00.000000000,111,1

