-- EXECUTE SQL: DROP DATABASE IF EXISTS filter_push_down; --
200 OK


-- EXECUTE SQL: CREATE DATABASE filter_push_down; --
200 OK


-- WRITE LINE PROTOCOL --
m0,t0=t0 f0=false,f1=0.0 0
m1,t0=t0 f0="f0",f1=false 0
m2,t0=t0 f0=false,f1="f1" 0
m3,t0=t0,t1=t1 f0=0I,f1=false 0
m4,t0=t0,t1=t1,t2=t2 f0=0I 0
-- LINE PROTOCOL END --
200 OK

-- EXECUTE SQL: INSERT m0(TIME, f0, f1) VALUES(4283635885038645395, TRUE, 0.4131558313302025), (6292339431914973050, TRUE, 0.5540439337463335); -- 1ms; --
200 OK
rows
2


-- EXECUTE SQL: INSERT m0(TIME, f1, t0) VALUES(1041670293467254361, 0.507623643211476, '916053861'), (3174128646074400477, 0.47166914414715877, NULL); -- 0ms; --
200 OK
rows
2


-- EXECUTE SQL: INSERT m0(TIME, f0) VALUES(2079939785551584142, NULL), (1243152233754651379, FALSE); -- 0ms; --
200 OK
rows
2


-- EXECUTE SQL: INSERT m0(TIME, f0) VALUES(631407052613557553, TRUE), (7486831592909450783, TRUE); -- 0ms; --
200 OK
rows
2


-- EXECUTE SQL: INSERT m0(TIME, f0) VALUES(5867172425191822176, TRUE), (3986678807649375642, TRUE); -- 0ms; --
200 OK
rows
2


-- EXECUTE SQL: INSERT m1(TIME, f1) VALUES(7488251815539246350, FALSE); -- 0ms; --
200 OK
rows
1


-- EXECUTE SQL: INSERT m3(TIME, t0) VALUES(5414775681413349294, ''); -- 1ms; --
200 OK
rows
1


-- EXECUTE SQL: SELECT ALL m0.f1 FROM filter_push_down.m0 UNION ALL SELECT ALL m0.f1 FROM filter_push_down.m0 UNION ALL SELECT ALL m0.f1 FROM filter_push_down.m0; --
-- AFTER_SORT --
200 OK
f1
0.0
0.0
0.0
0.507623643211476
0.507623643211476
0.507623643211476

-- EXECUTE SQL: SELECT ALL m0.f1 FROM filter_push_down.m0 AS M0 WHERE NOT ((('TOk')=(m0.t0))) UNION ALL SELECT ALL m0.f1 FROM filter_push_down.m0 AS M0  WHERE NOT (NOT ((('TOk')=(m0.t0)))) UNION ALL SELECT ALL m0.f1 FROM filter_push_down.m0 AS M0  WHERE (NOT ((('TOk')=(m0.t0)))) IS NULL; --
-- AFTER_SORT --
200 OK
f1
0.0
0.507623643211476

