-- EXECUTE SQL: drop tenant if exists test_dps_tenant; --
200 OK


-- EXECUTE SQL: drop user if exists test_dps_u0; --
200 OK


-- EXECUTE SQL: drop user if exists test_dps_u1; --
200 OK


-- EXECUTE SQL: drop user if exists test_dps_u2; --
200 OK


-- EXECUTE SQL: drop user if exists test_dps_u3; --
200 OK


-- EXECUTE SQL: create tenant if not exists test_dps_tenant; --
200 OK


-- EXECUTE SQL: create user if not exists test_dps_u0; --
200 OK


-- EXECUTE SQL: create user if not exists test_dps_u1; --
200 OK


-- EXECUTE SQL: create user if not exists test_dps_u2; --
200 OK


-- EXECUTE SQL: create user if not exists test_dps_u3; --
200 OK


-- EXECUTE SQL: alter tenant test_dps_tenant add user test_dps_u0 as owner; --
200 OK


-- EXECUTE SQL: drop role if exists test_dps_role0; --
200 OK


-- EXECUTE SQL: drop role if exists test_dps_role1; --
200 OK


-- EXECUTE SQL: drop role if exists test_dps_role2; --
200 OK


-- EXECUTE SQL: drop role if exists test_dps_role3; --
200 OK


-- EXECUTE SQL: create role if not exists test_dps_role1 inherit member; --
200 OK


-- EXECUTE SQL: create role if not exists test_dps_role2 inherit member; --
200 OK


-- EXECUTE SQL: create role if not exists test_dps_role3 inherit member; --
200 OK


-- EXECUTE SQL: drop database if exists test_dps_db; --
200 OK


-- EXECUTE SQL: create database if not exists test_dps_db with ttl '100000d'; --
200 OK


-- EXECUTE SQL: grant read on database test_dps_db to test_dps_role1; --
200 OK


-- EXECUTE SQL: grant write on database test_dps_db to role test_dps_role2; --
200 OK


-- EXECUTE SQL: grant all on database test_dps_db to test_dps_role3; --
200 OK


-- EXECUTE SQL: alter tenant test_dps_tenant add user test_dps_u1 as test_dps_role1; --
200 OK


-- EXECUTE SQL: alter tenant test_dps_tenant add user test_dps_u2 as test_dps_role2; --
200 OK


-- EXECUTE SQL: alter tenant test_dps_tenant add user test_dps_u3 as test_dps_role3; --
200 OK


-- EXECUTE SQL: select * from information_schema.DATABASE_PRIVILEGES; --
-- AFTER_SORT --
200 OK
tenant_name,database_name,privilege_type,role_name
test_dps_tenant,test_dps_db,All,test_dps_role3
test_dps_tenant,test_dps_db,Read,test_dps_role1
test_dps_tenant,test_dps_db,Write,test_dps_role2

-- EXECUTE SQL: select * from information_schema.DATABASE_PRIVILEGES; --
-- AFTER_SORT --
200 OK
tenant_name,database_name,privilege_type,role_name
test_dps_tenant,test_dps_db,All,test_dps_role3
test_dps_tenant,test_dps_db,Read,test_dps_role1
test_dps_tenant,test_dps_db,Write,test_dps_role2

-- EXECUTE SQL: select * from information_schema.DATABASE_PRIVILEGES; --
-- AFTER_SORT --
200 OK
tenant_name,database_name,privilege_type,role_name
test_dps_tenant,test_dps_db,Read,test_dps_role1

-- EXECUTE SQL: select * from information_schema.DATABASE_PRIVILEGES; --
-- AFTER_SORT --
200 OK
tenant_name,database_name,privilege_type,role_name
test_dps_tenant,test_dps_db,Write,test_dps_role2

-- EXECUTE SQL: select * from information_schema.DATABASE_PRIVILEGES; --
-- AFTER_SORT --
200 OK
tenant_name,database_name,privilege_type,role_name
test_dps_tenant,test_dps_db,All,test_dps_role3

-- EXECUTE SQL: create table test_dps_table(a bigint, tags(b)); --
200 OK


-- EXECUTE SQL: insert into table test_dps_table(time, a, b) values (1, 1, '1'); --
200 OK
rows
1

-- EXECUTE SQL: alter table test_dps_table drop c; --
422 Unprocessable Entity
{"error_code":"010029","error_message":"Semantic error: Column c not exists in table test_dps_table"}
-- ERROR:  --

-- EXECUTE SQL: select * from test_dps_table; --
-- AFTER_SORT --
200 OK
time,b,a
1970-01-01T00:00:00.000000001,1,1

-- EXECUTE SQL: insert into test_dps_table(time, a, b) values (2, 2, '2'); --
200 OK
rows
1

-- EXECUTE SQL: alter table test_dps_table drop c; --
422 Unprocessable Entity
{"error_code":"010029","error_message":"Semantic error: Column c not exists in table test_dps_table"}
-- ERROR:  --

-- EXECUTE SQL: select * from test_dps_table; --
-- AFTER_SORT --
200 OK
time,b,a
1970-01-01T00:00:00.000000001,1,1
1970-01-01T00:00:00.000000002,2,2

-- EXECUTE SQL: create table test_dps_table1(a bigint, tags(b)); --
200 OK


-- EXECUTE SQL: insert into test_dps_table(time, a, b) values (2, 2, '2'); --
200 OK
rows
1

-- EXECUTE SQL: alter table test_dps_table add field c double codec(default); --
200 OK


-- EXECUTE SQL: alter table test_dps_table add tag d; --
200 OK


-- EXECUTE SQL: alter table test_dps_table drop c; --
200 OK


-- EXECUTE SQL: select * from test_dps_table; --
-- AFTER_SORT --
200 OK
time,b,a,d
1970-01-01T00:00:00.000000001,1,1,
1970-01-01T00:00:00.000000002,2,2,

-- EXECUTE SQL: drop table test_dps_table; --
200 OK

