include ./setup.slt

query T
select time, t0, t1, t2, f0, f1
from dml_tbl order by time, t0, t1, t2;
----
1999-12-31T00:00:00 tag11 tag21 NULL 111 444
1999-12-31T00:00:00.005 tag12 tag22 NULL 222 444
1999-12-31T00:00:00.010 tag12 tag23 NULL NULL 222
1999-12-31T00:00:10.015 tag14 tag24 NULL 444 111
1999-12-31T00:00:10.020 tag14 tag21 NULL 222 555
1999-12-31T00:10:00.025 tag11 tag22 NULL 333 555
1999-12-31T00:10:00.030 tag11 tag23 NULL 444 333
1999-12-31T01:00:00.035 tag14 tag24 NULL 555 222

query T
select time, t0, t1, t2, f0
from dml_tbl order by time, t0, t1, t2;
----
1999-12-31T00:00:00 tag11 tag21 NULL 111
1999-12-31T00:00:00.005 tag12 tag22 NULL 222
1999-12-31T00:00:00.010 tag12 tag23 NULL NULL
1999-12-31T00:00:10.015 tag14 tag24 NULL 444
1999-12-31T00:00:10.020 tag14 tag21 NULL 222
1999-12-31T00:10:00.025 tag11 tag22 NULL 333
1999-12-31T00:10:00.030 tag11 tag23 NULL 444
1999-12-31T01:00:00.035 tag14 tag24 NULL 555

query T
update dml_tbl set f0 = 333 where t0 = 'tag12' and t1 = 'tag23';
----
1

query T
select time, t0, t1, t2, f0, f1
from dml_tbl order by time, t0, t1, t2;
----
1999-12-31T00:00:00 tag11 tag21 NULL 111 444
1999-12-31T00:00:00.005 tag12 tag22 NULL 222 444
1999-12-31T00:00:00.010 tag12 tag23 NULL 333 222
1999-12-31T00:00:10.015 tag14 tag24 NULL 444 111
1999-12-31T00:00:10.020 tag14 tag21 NULL 222 555
1999-12-31T00:10:00.025 tag11 tag22 NULL 333 555
1999-12-31T00:10:00.030 tag11 tag23 NULL 444 333
1999-12-31T01:00:00.035 tag14 tag24 NULL 555 222

query T
select time, t0, t1, t2, f0
from dml_tbl order by time, t0, t1, t2;
----
1999-12-31T00:00:00 tag11 tag21 NULL 111
1999-12-31T00:00:00.005 tag12 tag22 NULL 222
1999-12-31T00:00:00.010 tag12 tag23 NULL 333
1999-12-31T00:00:10.015 tag14 tag24 NULL 444
1999-12-31T00:00:10.020 tag14 tag21 NULL 222
1999-12-31T00:10:00.025 tag11 tag22 NULL 333
1999-12-31T00:10:00.030 tag11 tag23 NULL 444
1999-12-31T01:00:00.035 tag14 tag24 NULL 555

query T
update dml_tbl set f1 = 999 where t0 = 'tag14' and time < '1999-12-31T00:00:10.020';
----
1

query T
select time, t0, t1, t2, f0, f1
from dml_tbl order by time, t0, t1, t2;
----
1999-12-31T00:00:00 tag11 tag21 NULL 111 444
1999-12-31T00:00:00.005 tag12 tag22 NULL 222 444
1999-12-31T00:00:00.010 tag12 tag23 NULL 333 222
1999-12-31T00:00:10.015 tag14 tag24 NULL 444 999
1999-12-31T00:00:10.020 tag14 tag21 NULL 222 555
1999-12-31T00:10:00.025 tag11 tag22 NULL 333 555
1999-12-31T00:10:00.030 tag11 tag23 NULL 444 333
1999-12-31T01:00:00.035 tag14 tag24 NULL 555 222

query T
update dml_tbl set f1 = length(t0) + 1 where t0 = 'tag14' and time < '1999-12-31T00:00:10.020';
----
1

query T
select time, t0, t1, t2, f0, f1
from dml_tbl order by time, t0, t1, t2;
----
1999-12-31T00:00:00 tag11 tag21 NULL 111 444
1999-12-31T00:00:00.005 tag12 tag22 NULL 222 444
1999-12-31T00:00:00.010 tag12 tag23 NULL 333 222
1999-12-31T00:00:10.015 tag14 tag24 NULL 444 6
1999-12-31T00:00:10.020 tag14 tag21 NULL 222 555
1999-12-31T00:10:00.025 tag11 tag22 NULL 333 555
1999-12-31T00:10:00.030 tag11 tag23 NULL 444 333
1999-12-31T01:00:00.035 tag14 tag24 NULL 555 222

query T
update dml_tbl set f0 = 111, f1 = length(t0) + 2 where t0 = 'tag14' and time < '1999-12-31T00:00:10.020';
----
1

query T
select time, t0, t1, t2, f0, f1
from dml_tbl order by time, t0, t1, t2;
----
1999-12-31T00:00:00 tag11 tag21 NULL 111 444
1999-12-31T00:00:00.005 tag12 tag22 NULL 222 444
1999-12-31T00:00:00.010 tag12 tag23 NULL 333 222
1999-12-31T00:00:10.015 tag14 tag24 NULL 111 7
1999-12-31T00:00:10.020 tag14 tag21 NULL 222 555
1999-12-31T00:10:00.025 tag11 tag22 NULL 333 555
1999-12-31T00:10:00.030 tag11 tag23 NULL 444 333
1999-12-31T01:00:00.035 tag14 tag24 NULL 555 222

query T
update dml_tbl set f0 = 111, f1 = length(t0) + 3 where t0 = 'tag14' and t1 = 'tag24';
----
2

query T
select time, t0, t1, t2, f0, f1
from dml_tbl order by time, t0, t1, t2;
----
1999-12-31T00:00:00 tag11 tag21 NULL 111 444
1999-12-31T00:00:00.005 tag12 tag22 NULL 222 444
1999-12-31T00:00:00.010 tag12 tag23 NULL 333 222
1999-12-31T00:00:10.015 tag14 tag24 NULL 111 8
1999-12-31T00:00:10.020 tag14 tag21 NULL 222 555
1999-12-31T00:10:00.025 tag11 tag22 NULL 333 555
1999-12-31T00:10:00.030 tag11 tag23 NULL 444 333
1999-12-31T01:00:00.035 tag14 tag24 NULL 111 8

# Unlike the SQL standard, set null is equivalent to no modification.
query T
update dml_tbl set f1 = null where t0 = 'tag14' and time < '1999-12-31T00:00:10.020';
----
1

query T
select time, t0, t1, t2, f0, f1
from dml_tbl order by time, t0, t1, t2;
----
1999-12-31T00:00:00 tag11 tag21 NULL 111 444
1999-12-31T00:00:00.005 tag12 tag22 NULL 222 444
1999-12-31T00:00:00.010 tag12 tag23 NULL 333 222
1999-12-31T00:00:10.015 tag14 tag24 NULL 111 8
1999-12-31T00:00:10.020 tag14 tag21 NULL 222 555
1999-12-31T00:10:00.025 tag11 tag22 NULL 333 555
1999-12-31T00:10:00.030 tag11 tag23 NULL 444 333
1999-12-31T01:00:00.035 tag14 tag24 NULL 111 8


query 
select time, t0, t1, t2, t3, f0_bigint from dml_tb2 order by time, t0, t1, t2, t3, f0_bigint;
----
1999-12-31T00:00:00 t000 t109 t200 t300 -1
1999-12-31T00:00:00.005 t001 t108 t201 t304 1
1999-12-31T00:00:00.010 t002 t107 t202 t305 -9
1999-12-31T00:00:00.015 t003 t106 t203 t300 155
1999-12-31T00:00:00.020 t004 t105 t204 t300 1
1999-12-31T00:00:00.025 t005 t104 t205 t306 132
1999-12-31T00:00:00.030 t006 t103 t206 t300 321
1999-12-31T00:00:00.035 t009 t100 t200 t300 165
1999-12-31T00:00:00.040 t007 t101 t200 t306 41
1999-12-31T00:00:00.045 t008 t102 t200 t309 451

query 
update dml_tb2 set f0_bigint = -41 where t0 = 't007';
----
1

query 
select time, t0, t1, t2, t3, f0_bigint from dml_tb2 order by time, t0, t1, t2, t3, f0_bigint;
----
1999-12-31T00:00:00 t000 t109 t200 t300 -1
1999-12-31T00:00:00.005 t001 t108 t201 t304 1
1999-12-31T00:00:00.010 t002 t107 t202 t305 -9
1999-12-31T00:00:00.015 t003 t106 t203 t300 155
1999-12-31T00:00:00.020 t004 t105 t204 t300 1
1999-12-31T00:00:00.025 t005 t104 t205 t306 132
1999-12-31T00:00:00.030 t006 t103 t206 t300 321
1999-12-31T00:00:00.035 t009 t100 t200 t300 165
1999-12-31T00:00:00.040 t007 t101 t200 t306 -41
1999-12-31T00:00:00.045 t008 t102 t200 t309 451

query 
select time, t0, t1, t2, t3, f0_bigint from dml_tb2 order by time, t0, t1, t2, t3, f1_bigint_unsign;
----
1999-12-31T00:00:00 t000 t109 t200 t300 -1
1999-12-31T00:00:00.005 t001 t108 t201 t304 1
1999-12-31T00:00:00.010 t002 t107 t202 t305 -9
1999-12-31T00:00:00.015 t003 t106 t203 t300 155
1999-12-31T00:00:00.020 t004 t105 t204 t300 1
1999-12-31T00:00:00.025 t005 t104 t205 t306 132
1999-12-31T00:00:00.030 t006 t103 t206 t300 321
1999-12-31T00:00:00.035 t009 t100 t200 t300 165
1999-12-31T00:00:00.040 t007 t101 t200 t306 -41
1999-12-31T00:00:00.045 t008 t102 t200 t309 451

query 
select time, t0, t1, t2, t3, f1_bigint_unsign from dml_tb2 order by time, t0, t1, t2, t3, f1_bigint_unsign;
----
1999-12-31T00:00:00 t000 t109 t200 t300 1
1999-12-31T00:00:00.005 t001 t108 t201 t304 1
1999-12-31T00:00:00.010 t002 t107 t202 t305 1
1999-12-31T00:00:00.015 t003 t106 t203 t300 1
1999-12-31T00:00:00.020 t004 t105 t204 t300 1
1999-12-31T00:00:00.025 t005 t104 t205 t306 1
1999-12-31T00:00:00.030 t006 t103 t206 t300 1
1999-12-31T00:00:00.035 t009 t100 t200 t300 1
1999-12-31T00:00:00.040 t007 t101 t200 t306 1
1999-12-31T00:00:00.045 t008 t102 t200 t309 10

query error Arrow error: Io error: Status \{ code: Internal, message: "Execute logical plan: Datafusion: Optimizer rule 'simplify_expressions' failed\\ncaused by\\nArrow error: Cast error: Can't cast value \-3 to type UInt64", *
update dml_tb2 set f1_bigint_unsign = -3 where t0 = 't000';

query 
select time, t0, t1, t2, t3, f1_bigint_unsign from dml_tb2 order by time, t0, t1, t2, t3, f1_bigint_unsign;
----
1999-12-31T00:00:00 t000 t109 t200 t300 1
1999-12-31T00:00:00.005 t001 t108 t201 t304 1
1999-12-31T00:00:00.010 t002 t107 t202 t305 1
1999-12-31T00:00:00.015 t003 t106 t203 t300 1
1999-12-31T00:00:00.020 t004 t105 t204 t300 1
1999-12-31T00:00:00.025 t005 t104 t205 t306 1
1999-12-31T00:00:00.030 t006 t103 t206 t300 1
1999-12-31T00:00:00.035 t009 t100 t200 t300 1
1999-12-31T00:00:00.040 t007 t101 t200 t306 1
1999-12-31T00:00:00.045 t008 t102 t200 t309 10

query 
update dml_tb2 set f1_bigint_unsign = 3 where t0 = 't000';
----
1

query 
select time, t0, t1, t2, t3, f1_bigint_unsign from dml_tb2 order by time, t0, t1, t2, t3, f1_bigint_unsign;
----
1999-12-31T00:00:00 t000 t109 t200 t300 3
1999-12-31T00:00:00.005 t001 t108 t201 t304 1
1999-12-31T00:00:00.010 t002 t107 t202 t305 1
1999-12-31T00:00:00.015 t003 t106 t203 t300 1
1999-12-31T00:00:00.020 t004 t105 t204 t300 1
1999-12-31T00:00:00.025 t005 t104 t205 t306 1
1999-12-31T00:00:00.030 t006 t103 t206 t300 1
1999-12-31T00:00:00.035 t009 t100 t200 t300 1
1999-12-31T00:00:00.040 t007 t101 t200 t306 1
1999-12-31T00:00:00.045 t008 t102 t200 t309 10

query 
select time, t0, t1, t2, t3, f2_boolean from dml_tb2 order by time, t0, t1, t2, t3, f2_boolean;
----
1999-12-31T00:00:00 t000 t109 t200 t300 true
1999-12-31T00:00:00.005 t001 t108 t201 t304 false
1999-12-31T00:00:00.010 t002 t107 t202 t305 true
1999-12-31T00:00:00.015 t003 t106 t203 t300 true
1999-12-31T00:00:00.020 t004 t105 t204 t300 true
1999-12-31T00:00:00.025 t005 t104 t205 t306 false
1999-12-31T00:00:00.030 t006 t103 t206 t300 true
1999-12-31T00:00:00.035 t009 t100 t200 t300 true
1999-12-31T00:00:00.040 t007 t101 t200 t306 false
1999-12-31T00:00:00.045 t008 t102 t200 t309 true

query 
update dml_tb2 set f2_boolean = 0 where t0 = 't000';
----
1

query 
select time, t0, t1, t2, t3, f2_boolean from dml_tb2 order by time, t0, t1, t2, t3, f2_boolean;
----
1999-12-31T00:00:00 t000 t109 t200 t300 false
1999-12-31T00:00:00.005 t001 t108 t201 t304 false
1999-12-31T00:00:00.010 t002 t107 t202 t305 true
1999-12-31T00:00:00.015 t003 t106 t203 t300 true
1999-12-31T00:00:00.020 t004 t105 t204 t300 true
1999-12-31T00:00:00.025 t005 t104 t205 t306 false
1999-12-31T00:00:00.030 t006 t103 t206 t300 true
1999-12-31T00:00:00.035 t009 t100 t200 t300 true
1999-12-31T00:00:00.040 t007 t101 t200 t306 false
1999-12-31T00:00:00.045 t008 t102 t200 t309 true

query 
update dml_tb2 set f2_boolean = 1 where t0 = 't000';
----
1

query 
select time, t0, t1, t2, t3, f2_boolean from dml_tb2 order by time, t0, t1, t2, t3, f2_boolean;
----
1999-12-31T00:00:00 t000 t109 t200 t300 true
1999-12-31T00:00:00.005 t001 t108 t201 t304 false
1999-12-31T00:00:00.010 t002 t107 t202 t305 true
1999-12-31T00:00:00.015 t003 t106 t203 t300 true
1999-12-31T00:00:00.020 t004 t105 t204 t300 true
1999-12-31T00:00:00.025 t005 t104 t205 t306 false
1999-12-31T00:00:00.030 t006 t103 t206 t300 true
1999-12-31T00:00:00.035 t009 t100 t200 t300 true
1999-12-31T00:00:00.040 t007 t101 t200 t306 false
1999-12-31T00:00:00.045 t008 t102 t200 t309 true

query 
update dml_tb2 set f2_boolean = FALSE where t0 = 't000';
----
1

query 
select time, t0, t1, t2, t3, f2_boolean from dml_tb2 order by time, t0, t1, t2, t3, f2_boolean;
----
1999-12-31T00:00:00 t000 t109 t200 t300 false
1999-12-31T00:00:00.005 t001 t108 t201 t304 false
1999-12-31T00:00:00.010 t002 t107 t202 t305 true
1999-12-31T00:00:00.015 t003 t106 t203 t300 true
1999-12-31T00:00:00.020 t004 t105 t204 t300 true
1999-12-31T00:00:00.025 t005 t104 t205 t306 false
1999-12-31T00:00:00.030 t006 t103 t206 t300 true
1999-12-31T00:00:00.035 t009 t100 t200 t300 true
1999-12-31T00:00:00.040 t007 t101 t200 t306 false
1999-12-31T00:00:00.045 t008 t102 t200 t309 true

query error Arrow error: Io error: Status \{ code: Internal, message: "Build logical plan: Datafusion: Schema error: No field named t\. Valid fields are time, t0, t1, t2, t3, f0_bigint, f1_bigint_unsign, f2_boolean, f3_string, f4_double, loc0_point, loc1_linestring, loc2_polygon, loc3_multipoint, loc4_multilinestring, loc5_multipolygon, loc6_geometrycollection\.", *
update dml_tb2 set f2_boolean = T where t0 = 't000';

query 
select time, t0, t1, t2, t3, f2_boolean from dml_tb2 order by time, t0, t1, t2, t3, f2_boolean;
----
1999-12-31T00:00:00 t000 t109 t200 t300 false
1999-12-31T00:00:00.005 t001 t108 t201 t304 false
1999-12-31T00:00:00.010 t002 t107 t202 t305 true
1999-12-31T00:00:00.015 t003 t106 t203 t300 true
1999-12-31T00:00:00.020 t004 t105 t204 t300 true
1999-12-31T00:00:00.025 t005 t104 t205 t306 false
1999-12-31T00:00:00.030 t006 t103 t206 t300 true
1999-12-31T00:00:00.035 t009 t100 t200 t300 true
1999-12-31T00:00:00.040 t007 t101 t200 t306 false
1999-12-31T00:00:00.045 t008 t102 t200 t309 true

query 
update dml_tb2 set f2_boolean = 3 where t0 = 't000';
----
1

query 
select time, t0, t1, t2, t3, f2_boolean from dml_tb2 order by time, t0, t1, t2, t3, f2_boolean;
----
1999-12-31T00:00:00 t000 t109 t200 t300 true
1999-12-31T00:00:00.005 t001 t108 t201 t304 false
1999-12-31T00:00:00.010 t002 t107 t202 t305 true
1999-12-31T00:00:00.015 t003 t106 t203 t300 true
1999-12-31T00:00:00.020 t004 t105 t204 t300 true
1999-12-31T00:00:00.025 t005 t104 t205 t306 false
1999-12-31T00:00:00.030 t006 t103 t206 t300 true
1999-12-31T00:00:00.035 t009 t100 t200 t300 true
1999-12-31T00:00:00.040 t007 t101 t200 t306 false
1999-12-31T00:00:00.045 t008 t102 t200 t309 true

query 
update dml_tb2 set f2_boolean = 'False' where t0 = 't000';
----
1

query 
select time, t0, t1, t2, t3, f2_boolean from dml_tb2 order by time, t0, t1, t2, t3, f2_boolean;
----
1999-12-31T00:00:00 t000 t109 t200 t300 false
1999-12-31T00:00:00.005 t001 t108 t201 t304 false
1999-12-31T00:00:00.010 t002 t107 t202 t305 true
1999-12-31T00:00:00.015 t003 t106 t203 t300 true
1999-12-31T00:00:00.020 t004 t105 t204 t300 true
1999-12-31T00:00:00.025 t005 t104 t205 t306 false
1999-12-31T00:00:00.030 t006 t103 t206 t300 true
1999-12-31T00:00:00.035 t009 t100 t200 t300 true
1999-12-31T00:00:00.040 t007 t101 t200 t306 false
1999-12-31T00:00:00.045 t008 t102 t200 t309 true

query 
select time, t0, t1, t2, t3, f3_string from dml_tb2 order by time, t0, t1, t2, t3, f3_string;
----
1999-12-31T00:00:00 t000 t109 t200 t300 string000
1999-12-31T00:00:00.005 t001 t108 t201 t304 string0sss00
1999-12-31T00:00:00.010 t002 t107 t202 t305 string000
1999-12-31T00:00:00.015 t003 t106 t203 t300 string000
1999-12-31T00:00:00.020 t004 t105 t204 t300 string000
1999-12-31T00:00:00.025 t005 t104 t205 t306 string00eere0
1999-12-31T00:00:00.030 t006 t103 t206 t300 string000
1999-12-31T00:00:00.035 t009 t100 t200 t300 strinsdffreg000
1999-12-31T00:00:00.040 t007 t101 t200 t306 string000
1999-12-31T00:00:00.045 t008 t102 t200 t309 string6434300

query 
update dml_tb2 set f3_string = 'string000modifyfirst' where t0 = 't000';
----
1

query 
select time, t0, t1, t2, t3, f3_string from dml_tb2 order by time, t0, t1, t2, t3, f3_string;
----
1999-12-31T00:00:00 t000 t109 t200 t300 string000modifyfirst
1999-12-31T00:00:00.005 t001 t108 t201 t304 string0sss00
1999-12-31T00:00:00.010 t002 t107 t202 t305 string000
1999-12-31T00:00:00.015 t003 t106 t203 t300 string000
1999-12-31T00:00:00.020 t004 t105 t204 t300 string000
1999-12-31T00:00:00.025 t005 t104 t205 t306 string00eere0
1999-12-31T00:00:00.030 t006 t103 t206 t300 string000
1999-12-31T00:00:00.035 t009 t100 t200 t300 strinsdffreg000
1999-12-31T00:00:00.040 t007 t101 t200 t306 string000
1999-12-31T00:00:00.045 t008 t102 t200 t309 string6434300

query 
select time, t0, t1, t2, t3, f4_double from dml_tb2 order by time, t0, t1, t2, t3, f4_double;
----
1999-12-31T00:00:00 t000 t109 t200 t300 3.1415926
1999-12-31T00:00:00.005 t001 t108 t201 t304 3.1415926
1999-12-31T00:00:00.010 t002 t107 t202 t305 3.1415643926
1999-12-31T00:00:00.015 t003 t106 t203 t300 3.12415926
1999-12-31T00:00:00.020 t004 t105 t204 t300 3.1415926
1999-12-31T00:00:00.025 t005 t104 t205 t306 3.1413235926
1999-12-31T00:00:00.030 t006 t103 t206 t300 3.1415926
1999-12-31T00:00:00.035 t009 t100 t200 t300 3.145415926
1999-12-31T00:00:00.040 t007 t101 t200 t306 3.1415926
1999-12-31T00:00:00.045 t008 t102 t200 t309 34.1415926

query 
update dml_tb2 set f4_double = 5.20 where t0 = 't000';
----
1

query 
select time, t0, t1, t2, t3, f4_double from dml_tb2 order by time, t0, t1, t2, t3, f4_double;
----
1999-12-31T00:00:00 t000 t109 t200 t300 5.2
1999-12-31T00:00:00.005 t001 t108 t201 t304 3.1415926
1999-12-31T00:00:00.010 t002 t107 t202 t305 3.1415643926
1999-12-31T00:00:00.015 t003 t106 t203 t300 3.12415926
1999-12-31T00:00:00.020 t004 t105 t204 t300 3.1415926
1999-12-31T00:00:00.025 t005 t104 t205 t306 3.1413235926
1999-12-31T00:00:00.030 t006 t103 t206 t300 3.1415926
1999-12-31T00:00:00.035 t009 t100 t200 t300 3.145415926
1999-12-31T00:00:00.040 t007 t101 t200 t306 3.1415926
1999-12-31T00:00:00.045 t008 t102 t200 t309 34.1415926

query 
select time, t0, t1, t2, t3, loc0_point from dml_tb2 order by time, t0, t1, t2, t3, loc0_point;
----
1999-12-31T00:00:00 t000 t109 t200 t300 POINT(0 0)
1999-12-31T00:00:00.005 t001 t108 t201 t304 POINT(0 1)
1999-12-31T00:00:00.010 t002 t107 t202 t305 POINT(1 0)
1999-12-31T00:00:00.015 t003 t106 t203 t300 POINT(4 0)
1999-12-31T00:00:00.020 t004 t105 t204 t300 POINT(1 3)
1999-12-31T00:00:00.025 t005 t104 t205 t306 POINT(5 6)
1999-12-31T00:00:00.030 t006 t103 t206 t300 POINT(10 0)
1999-12-31T00:00:00.035 t009 t100 t200 t300 POINT(0 20)
1999-12-31T00:00:00.040 t007 t101 t200 t306 POINT(111 342)
1999-12-31T00:00:00.045 t008 t102 t200 t309 POINT(34 22)

query 
update dml_tb2 set loc0_point = 'POINT(3 2)' where t0 = 't000';
----
1

query 
select time, t0, t1, t2, t3, loc0_point from dml_tb2 order by time, t0, t1, t2, t3, loc0_point;
----
1999-12-31T00:00:00 t000 t109 t200 t300 POINT(3 2)
1999-12-31T00:00:00.005 t001 t108 t201 t304 POINT(0 1)
1999-12-31T00:00:00.010 t002 t107 t202 t305 POINT(1 0)
1999-12-31T00:00:00.015 t003 t106 t203 t300 POINT(4 0)
1999-12-31T00:00:00.020 t004 t105 t204 t300 POINT(1 3)
1999-12-31T00:00:00.025 t005 t104 t205 t306 POINT(5 6)
1999-12-31T00:00:00.030 t006 t103 t206 t300 POINT(10 0)
1999-12-31T00:00:00.035 t009 t100 t200 t300 POINT(0 20)
1999-12-31T00:00:00.040 t007 t101 t200 t306 POINT(111 342)
1999-12-31T00:00:00.045 t008 t102 t200 t309 POINT(34 22)

query 
select time, t0, t1, t2, t3, loc1_LINESTRING from dml_tb2 order by time, t0, t1, t2, t3, loc1_LINESTRING;
----
1999-12-31T00:00:00 t000 t109 t200 t300 LINESTRING (301 101, 101 301, 401 401)
1999-12-31T00:00:00.005 t001 t108 t201 t304 LINESTRING (303 103, 103 303, 403 403)
1999-12-31T00:00:00.010 t002 t107 t202 t305 LINESTRING (302 101, 102 302, 44 45)
1999-12-31T00:00:00.015 t003 t106 t203 t300 LINESTRING (301 30, 50 34, 42 45)
1999-12-31T00:00:00.020 t004 t105 t204 t300 LINESTRING (35 18, 19 34, 30 420)
1999-12-31T00:00:00.025 t005 t104 t205 t306 LINESTRING (33 12, 12 36, 60 30)
1999-12-31T00:00:00.030 t006 t103 t206 t300 LINESTRING (34 30, 70 60, 45 70)
1999-12-31T00:00:00.035 t009 t100 t200 t300 LINESTRING (30 13, 10 32, 41 44)
1999-12-31T00:00:00.040 t007 t101 t200 t306 LINESTRING (31 20, 13 36, 50 10)
1999-12-31T00:00:00.045 t008 t102 t200 t309 LINESTRING (30 10, 10 30, 40 40)

query 
update dml_tb2 set loc1_LINESTRING = 'LINESTRING (31 11, 11 31, 41 41)' where t0 = 't000';
----
1

query 
select time, t0, t1, t2, t3, loc1_LINESTRING from dml_tb2 order by time, t0, t1, t2, t3, loc1_LINESTRING;
----
1999-12-31T00:00:00 t000 t109 t200 t300 LINESTRING (31 11, 11 31, 41 41)
1999-12-31T00:00:00.005 t001 t108 t201 t304 LINESTRING (303 103, 103 303, 403 403)
1999-12-31T00:00:00.010 t002 t107 t202 t305 LINESTRING (302 101, 102 302, 44 45)
1999-12-31T00:00:00.015 t003 t106 t203 t300 LINESTRING (301 30, 50 34, 42 45)
1999-12-31T00:00:00.020 t004 t105 t204 t300 LINESTRING (35 18, 19 34, 30 420)
1999-12-31T00:00:00.025 t005 t104 t205 t306 LINESTRING (33 12, 12 36, 60 30)
1999-12-31T00:00:00.030 t006 t103 t206 t300 LINESTRING (34 30, 70 60, 45 70)
1999-12-31T00:00:00.035 t009 t100 t200 t300 LINESTRING (30 13, 10 32, 41 44)
1999-12-31T00:00:00.040 t007 t101 t200 t306 LINESTRING (31 20, 13 36, 50 10)
1999-12-31T00:00:00.045 t008 t102 t200 t309 LINESTRING (30 10, 10 30, 40 40)

query 
select time, t0, t1, t2, t3, loc2_POLYGON from dml_tb2 order by time, t0, t1, t2, t3, loc2_POLYGON;
----
1999-12-31T00:00:00 t000 t109 t200 t300 POLYGON ((302 102, 402 402, 202 402, 102 220, 230 120))
1999-12-31T00:00:00.005 t001 t108 t201 t304 POLYGON ((130 120, 430 404, 2035 406, 108 290, 380 130))
1999-12-31T00:00:00.010 t002 t107 t202 t305 POLYGON ((304 101, 401 401, 201 401, 101 201, 301 101))
1999-12-31T00:00:00.015 t003 t106 t203 t300 POLYGON ((306 130, 440 402, 205 403, 150 202, 3045 102))
1999-12-31T00:00:00.020 t004 t105 t204 t300 POLYGON ((230 210, 410 420, 210 420, 120 220, 302 102))
1999-12-31T00:00:00.025 t005 t104 t205 t306 POLYGON ((320 130, 404 406, 203 402, 130 240, 310 105))
1999-12-31T00:00:00.030 t006 t103 t206 t300 POLYGON ((302 103, 420 404,520 140, 410 220, 330 102))
1999-12-31T00:00:00.035 t009 t100 t200 t300 POLYGON ((330 1450, 460 430, 202 402, 130 240, 302 103))
1999-12-31T00:00:00.040 t007 t101 t200 t306 POLYGON ((302 130, 430 440, 420 450, 150 2560, 3067 10))
1999-12-31T00:00:00.045 t008 t102 t200 t309 POLYGON ((30 10, 40 40, 20 40, 10 20, 30 10))

query 
update dml_tb2 set loc2_polygon = 'POLYGON ((302 102, 40 40, 20 40, 10 22, 23 12))' where t0 = 't000';
----
1

query 
select time, t0, t1, t2, t3, loc2_POLYGON from dml_tb2 order by time, t0, t1, t2, t3, loc2_POLYGON;
----
1999-12-31T00:00:00 t000 t109 t200 t300 POLYGON ((302 102, 40 40, 20 40, 10 22, 23 12))
1999-12-31T00:00:00.005 t001 t108 t201 t304 POLYGON ((130 120, 430 404, 2035 406, 108 290, 380 130))
1999-12-31T00:00:00.010 t002 t107 t202 t305 POLYGON ((304 101, 401 401, 201 401, 101 201, 301 101))
1999-12-31T00:00:00.015 t003 t106 t203 t300 POLYGON ((306 130, 440 402, 205 403, 150 202, 3045 102))
1999-12-31T00:00:00.020 t004 t105 t204 t300 POLYGON ((230 210, 410 420, 210 420, 120 220, 302 102))
1999-12-31T00:00:00.025 t005 t104 t205 t306 POLYGON ((320 130, 404 406, 203 402, 130 240, 310 105))
1999-12-31T00:00:00.030 t006 t103 t206 t300 POLYGON ((302 103, 420 404,520 140, 410 220, 330 102))
1999-12-31T00:00:00.035 t009 t100 t200 t300 POLYGON ((330 1450, 460 430, 202 402, 130 240, 302 103))
1999-12-31T00:00:00.040 t007 t101 t200 t306 POLYGON ((302 130, 430 440, 420 450, 150 2560, 3067 10))
1999-12-31T00:00:00.045 t008 t102 t200 t309 POLYGON ((30 10, 40 40, 20 40, 10 20, 30 10))

query 
select time, t0, t1, t2, t3, loc3_MULTIPOINT from dml_tb2 order by time, t0, t1, t2, t3, loc3_MULTIPOINT;
----
1999-12-31T00:00:00 t000 t109 t200 t300 MULTIPOINT ((102 40), (40 30), (20 20), (30 10))
1999-12-31T00:00:00.005 t001 t108 t201 t304 MULTIPOINT ((10 40), (40 30), (20 20), (30 10))
1999-12-31T00:00:00.010 t002 t107 t202 t305 MULTIPOINT ((10 40), (40 30), (20 203), (30 10))
1999-12-31T00:00:00.015 t003 t106 t203 t300 MULTIPOINT ((10 40), (40 350), (20 20), (30 10))
1999-12-31T00:00:00.020 t004 t105 t204 t300 MULTIPOINT ((10 40), (40 630), (20 20), (30 10))
1999-12-31T00:00:00.025 t005 t104 t205 t306 MULTIPOINT ((10 40), (40 30), (20 20), (30 410))
1999-12-31T00:00:00.030 t006 t103 t206 t300 MULTIPOINT ((10 40), (40 30), (120 20), (30 10))
1999-12-31T00:00:00.035 t009 t100 t200 t300 MULTIPOINT ((10 40), (40 30), (220 20), (30 10))
1999-12-31T00:00:00.040 t007 t101 t200 t306 MULTIPOINT ((10 40), (440 30), (20 20), (30 10))
1999-12-31T00:00:00.045 t008 t102 t200 t309 MULTIPOINT ((10 40), (40 30), (20 20), (30 140))

query 
update dml_tb2 set loc3_MULTIPOINT = 'MULTIPOINT ((10 4), (4 3), (2 2), (3 1))' where t0 = 't000';
----
1

query 
select time, t0, t1, t2, t3, loc3_MULTIPOINT from dml_tb2 order by time, t0, t1, t2, t3, loc3_MULTIPOINT;
----
1999-12-31T00:00:00 t000 t109 t200 t300 MULTIPOINT ((10 4), (4 3), (2 2), (3 1))
1999-12-31T00:00:00.005 t001 t108 t201 t304 MULTIPOINT ((10 40), (40 30), (20 20), (30 10))
1999-12-31T00:00:00.010 t002 t107 t202 t305 MULTIPOINT ((10 40), (40 30), (20 203), (30 10))
1999-12-31T00:00:00.015 t003 t106 t203 t300 MULTIPOINT ((10 40), (40 350), (20 20), (30 10))
1999-12-31T00:00:00.020 t004 t105 t204 t300 MULTIPOINT ((10 40), (40 630), (20 20), (30 10))
1999-12-31T00:00:00.025 t005 t104 t205 t306 MULTIPOINT ((10 40), (40 30), (20 20), (30 410))
1999-12-31T00:00:00.030 t006 t103 t206 t300 MULTIPOINT ((10 40), (40 30), (120 20), (30 10))
1999-12-31T00:00:00.035 t009 t100 t200 t300 MULTIPOINT ((10 40), (40 30), (220 20), (30 10))
1999-12-31T00:00:00.040 t007 t101 t200 t306 MULTIPOINT ((10 40), (440 30), (20 20), (30 10))
1999-12-31T00:00:00.045 t008 t102 t200 t309 MULTIPOINT ((10 40), (40 30), (20 20), (30 140))

query 
select time, t0, t1, t2, t3, loc4_MULTILINESTRING from dml_tb2 order by time, t0, t1, t2, t3, loc4_MULTILINESTRING;
----
1999-12-31T00:00:00 t000 t109 t200 t300 MULTILINESTRING ((10 10, 20 20, 10 40),(440 40, 30 30, 40 20, 30 10))
1999-12-31T00:00:00.005 t001 t108 t201 t304 MULTILINESTRING ((10 10, 20 20, 10 40),(440 40, 30 30, 40 20, 30 10))
1999-12-31T00:00:00.010 t002 t107 t202 t305 MULTILINESTRING ((10 10, 20 20, 10 440),(40 40, 30 30, 40 20, 30 10))
1999-12-31T00:00:00.015 t003 t106 t203 t300 MULTILINESTRING ((10 10, 20 20, 10 40),(40 40, 30 30, 40 20, 30 140))
1999-12-31T00:00:00.020 t004 t105 t204 t300 MULTILINESTRING ((10 10, 20 20, 140 40),(40 40, 30 30, 40 20, 30 10))
1999-12-31T00:00:00.025 t005 t104 t205 t306 MULTILINESTRING ((10 10, 20 20, 10 40),(40 40, 30 30, 40 20, 30 140))
1999-12-31T00:00:00.030 t006 t103 t206 t300 MULTILINESTRING ((10 10, 20 20, 10 40),(40 40, 30 430, 40 20, 30 10))
1999-12-31T00:00:00.035 t009 t100 t200 t300 MULTILINESTRING ((10 10, 20 20, 10 40),(40 40, 30 30, 440 20, 30 10))
1999-12-31T00:00:00.040 t007 t101 t200 t306 MULTILINESTRING ((10 10, 240 20, 10 40),(40 40, 30 30, 40 20, 30 10))
1999-12-31T00:00:00.045 t008 t102 t200 t309 MULTILINESTRING ((10 10, 20 20, 10 40),(40 40, 30 30, 40 20, 30 140))

query 
update dml_tb2 set loc4_MULTILINESTRING = 'MULTILINESTRING ((101 101, 201 201, 1 4),(44 4, 3 3, 4 2, 3 1))' where t0 = 't000';
----
1

query 
select time, t0, t1, t2, t3, loc4_MULTILINESTRING from dml_tb2 order by time, t0, t1, t2, t3, loc4_MULTILINESTRING;
----
1999-12-31T00:00:00 t000 t109 t200 t300 MULTILINESTRING ((101 101, 201 201, 1 4),(44 4, 3 3, 4 2, 3 1))
1999-12-31T00:00:00.005 t001 t108 t201 t304 MULTILINESTRING ((10 10, 20 20, 10 40),(440 40, 30 30, 40 20, 30 10))
1999-12-31T00:00:00.010 t002 t107 t202 t305 MULTILINESTRING ((10 10, 20 20, 10 440),(40 40, 30 30, 40 20, 30 10))
1999-12-31T00:00:00.015 t003 t106 t203 t300 MULTILINESTRING ((10 10, 20 20, 10 40),(40 40, 30 30, 40 20, 30 140))
1999-12-31T00:00:00.020 t004 t105 t204 t300 MULTILINESTRING ((10 10, 20 20, 140 40),(40 40, 30 30, 40 20, 30 10))
1999-12-31T00:00:00.025 t005 t104 t205 t306 MULTILINESTRING ((10 10, 20 20, 10 40),(40 40, 30 30, 40 20, 30 140))
1999-12-31T00:00:00.030 t006 t103 t206 t300 MULTILINESTRING ((10 10, 20 20, 10 40),(40 40, 30 430, 40 20, 30 10))
1999-12-31T00:00:00.035 t009 t100 t200 t300 MULTILINESTRING ((10 10, 20 20, 10 40),(40 40, 30 30, 440 20, 30 10))
1999-12-31T00:00:00.040 t007 t101 t200 t306 MULTILINESTRING ((10 10, 240 20, 10 40),(40 40, 30 30, 40 20, 30 10))
1999-12-31T00:00:00.045 t008 t102 t200 t309 MULTILINESTRING ((10 10, 20 20, 10 40),(40 40, 30 30, 40 20, 30 140))

query 
select time, t0, t1, t2, t3, loc5_MULTIPOLYGON from dml_tb2 order by time, t0, t1, t2, t3, loc5_MULTIPOLYGON;
----
1999-12-31T00:00:00 t000 t109 t200 t300 MULTIPOLYGON (((30 20, 45 40, 10 40, 340 20)),((15 5, 40 10, 10 20, 5 10, 15 52)))
1999-12-31T00:00:00.005 t001 t108 t201 t304 MULTIPOLYGON (((30 20, 45 40, 10 40, 30 20)),((15 5, 4 10, 10 20, 5 10, 15 5)))
1999-12-31T00:00:00.010 t002 t107 t202 t305 MULTIPOLYGON (((30 20, 45 40, 10 40, 30 2)),((15 5, 40 10, 10 20, 5 10, 15 5)))
1999-12-31T00:00:00.015 t003 t106 t203 t300 MULTIPOLYGON (((30 20, 45 40, 10 40, 30 20)),((15 5, 4 10, 10 20, 5 10, 15 5)))
1999-12-31T00:00:00.020 t004 t105 t204 t300 MULTIPOLYGON (((30 20, 45 40, 10 40, 0 20)),((15 5, 40 10, 10 20, 5 10, 15 5)))
1999-12-31T00:00:00.025 t005 t104 t205 t306 MULTIPOLYGON (((30 20, 45 40, 10 40, 30 20)),((15 35, 40 10, 10 20, 5 10, 15 5)))
1999-12-31T00:00:00.030 t006 t103 t206 t300 MULTIPOLYGON (((30 20, 45 40, 10 10, 30 20)),((15 5, 40 10, 10 20, 5 10, 15 5)))
1999-12-31T00:00:00.035 t009 t100 t200 t300 MULTIPOLYGON (((30 24, 45 40, 10 40, 30 20)),((15 5, 40 10, 10 20, 5 10, 15 5)))
1999-12-31T00:00:00.040 t007 t101 t200 t306 MULTIPOLYGON (((30 20, 45 40, 10 40, 30 26)),((15 5, 40 10, 10 20, 5 10, 15 5)))
1999-12-31T00:00:00.045 t008 t102 t200 t309 MULTIPOLYGON (((30 20, 45 40, 10 40, 30 20)),((15 5, 40 10, 10 240, 5 10, 15 5)))

query 
update dml_tb2 set loc5_MULTIPOLYGON = 'MULTIPOLYGON (((30 20, 45 40, 10 40, 30 20)),((15 5, 4 10, 10 20, 5 10, 15 5)))' where t0 = 't000';
----
1

query 
select time, t0, t1, t2, t3, loc5_MULTIPOLYGON from dml_tb2 order by time, t0, t1, t2, t3, loc5_MULTIPOLYGON;
----
1999-12-31T00:00:00 t000 t109 t200 t300 MULTIPOLYGON (((30 20, 45 40, 10 40, 30 20)),((15 5, 4 10, 10 20, 5 10, 15 5)))
1999-12-31T00:00:00.005 t001 t108 t201 t304 MULTIPOLYGON (((30 20, 45 40, 10 40, 30 20)),((15 5, 4 10, 10 20, 5 10, 15 5)))
1999-12-31T00:00:00.010 t002 t107 t202 t305 MULTIPOLYGON (((30 20, 45 40, 10 40, 30 2)),((15 5, 40 10, 10 20, 5 10, 15 5)))
1999-12-31T00:00:00.015 t003 t106 t203 t300 MULTIPOLYGON (((30 20, 45 40, 10 40, 30 20)),((15 5, 4 10, 10 20, 5 10, 15 5)))
1999-12-31T00:00:00.020 t004 t105 t204 t300 MULTIPOLYGON (((30 20, 45 40, 10 40, 0 20)),((15 5, 40 10, 10 20, 5 10, 15 5)))
1999-12-31T00:00:00.025 t005 t104 t205 t306 MULTIPOLYGON (((30 20, 45 40, 10 40, 30 20)),((15 35, 40 10, 10 20, 5 10, 15 5)))
1999-12-31T00:00:00.030 t006 t103 t206 t300 MULTIPOLYGON (((30 20, 45 40, 10 10, 30 20)),((15 5, 40 10, 10 20, 5 10, 15 5)))
1999-12-31T00:00:00.035 t009 t100 t200 t300 MULTIPOLYGON (((30 24, 45 40, 10 40, 30 20)),((15 5, 40 10, 10 20, 5 10, 15 5)))
1999-12-31T00:00:00.040 t007 t101 t200 t306 MULTIPOLYGON (((30 20, 45 40, 10 40, 30 26)),((15 5, 40 10, 10 20, 5 10, 15 5)))
1999-12-31T00:00:00.045 t008 t102 t200 t309 MULTIPOLYGON (((30 20, 45 40, 10 40, 30 20)),((15 5, 40 10, 10 240, 5 10, 15 5)))

query 
select time, t0, t1, t2, t3, loc6_GEOMETRYCOLLECTION from dml_tb2 order by time, t0, t1, t2, t3, loc6_GEOMETRYCOLLECTION;
----
1999-12-31T00:00:00 t000 t109 t200 t300 GEOMETRYCOLLECTION (POINT (40 10),LINESTRING (10 10, 20 20, 10 40),POLYGON ((40 40, 20 45, 45 130, 40 40)))
1999-12-31T00:00:00.005 t001 t108 t201 t304 GEOMETRYCOLLECTION (POINT (40 10),LINESTRING (10 10, 20 20, 10 40),POLYGON ((40 40, 20 45, 45 30, 240 40)))
1999-12-31T00:00:00.010 t002 t107 t202 t305 GEOMETRYCOLLECTION (POINT (40 10),LINESTRING (10 1, 20 20, 10 40),POLYGON ((40 40, 20 45, 45 30, 40 4)))
1999-12-31T00:00:00.015 t003 t106 t203 t300 GEOMETRYCOLLECTION (POINT (40 10),LINESTRING (17 10, 20 20, 10 40),POLYGON ((40 40, 20 45, 45 30, 40 40)))
1999-12-31T00:00:00.020 t004 t105 t204 t300 GEOMETRYCOLLECTION (POINT (40 10),LINESTRING (10 0, 20 20, 10 40),POLYGON ((40 40, 20 45, 45 30, 40 40)))
1999-12-31T00:00:00.025 t005 t104 t205 t306 GEOMETRYCOLLECTION (POINT (40 10),LINESTRING (10 10, 20 20, 10 450),POLYGON ((40 40, 20 45, 45 30, 40 40)))
1999-12-31T00:00:00.030 t006 t103 t206 t300 GEOMETRYCOLLECTION (POINT (402 10),LINESTRING (10 10, 20 20, 10 40),POLYGON ((40 40, 20 45, 45 30, 40 40)))
1999-12-31T00:00:00.035 t009 t100 t200 t300 GEOMETRYCOLLECTION (POINT (40 10),LINESTRING (10 10, 20 20, 150 40),POLYGON ((40 40, 20 45, 45 30, 40 40)))
1999-12-31T00:00:00.040 t007 t101 t200 t306 GEOMETRYCOLLECTION (POINT (40 130),LINESTRING (10 10, 220 20, 10 40),POLYGON ((40 40, 20 45, 45 30, 40 40)))
1999-12-31T00:00:00.045 t008 t102 t200 t309 GEOMETRYCOLLECTION (POINT (40 10),LINESTRING (10 10, 230 20, 10 40),POLYGON ((40 40, 20 45, 45 30, 40 40)))

query 
update dml_tb2 set loc6_GEOMETRYCOLLECTION = 'GEOMETRYCOLLECTION (POINT (40 10),LINESTRING (10 10, 20 20, 10 40),POLYGON ((40 40, 20 45, 45 30, 240 40)))' where t0 = 't000';
----
1

query 
select time, t0, t1, t2, t3, loc6_GEOMETRYCOLLECTION from dml_tb2 order by time, t0, t1, t2, t3, loc6_GEOMETRYCOLLECTION;
----
1999-12-31T00:00:00 t000 t109 t200 t300 GEOMETRYCOLLECTION (POINT (40 10),LINESTRING (10 10, 20 20, 10 40),POLYGON ((40 40, 20 45, 45 30, 240 40)))
1999-12-31T00:00:00.005 t001 t108 t201 t304 GEOMETRYCOLLECTION (POINT (40 10),LINESTRING (10 10, 20 20, 10 40),POLYGON ((40 40, 20 45, 45 30, 240 40)))
1999-12-31T00:00:00.010 t002 t107 t202 t305 GEOMETRYCOLLECTION (POINT (40 10),LINESTRING (10 1, 20 20, 10 40),POLYGON ((40 40, 20 45, 45 30, 40 4)))
1999-12-31T00:00:00.015 t003 t106 t203 t300 GEOMETRYCOLLECTION (POINT (40 10),LINESTRING (17 10, 20 20, 10 40),POLYGON ((40 40, 20 45, 45 30, 40 40)))
1999-12-31T00:00:00.020 t004 t105 t204 t300 GEOMETRYCOLLECTION (POINT (40 10),LINESTRING (10 0, 20 20, 10 40),POLYGON ((40 40, 20 45, 45 30, 40 40)))
1999-12-31T00:00:00.025 t005 t104 t205 t306 GEOMETRYCOLLECTION (POINT (40 10),LINESTRING (10 10, 20 20, 10 450),POLYGON ((40 40, 20 45, 45 30, 40 40)))
1999-12-31T00:00:00.030 t006 t103 t206 t300 GEOMETRYCOLLECTION (POINT (402 10),LINESTRING (10 10, 20 20, 10 40),POLYGON ((40 40, 20 45, 45 30, 40 40)))
1999-12-31T00:00:00.035 t009 t100 t200 t300 GEOMETRYCOLLECTION (POINT (40 10),LINESTRING (10 10, 20 20, 150 40),POLYGON ((40 40, 20 45, 45 30, 40 40)))
1999-12-31T00:00:00.040 t007 t101 t200 t306 GEOMETRYCOLLECTION (POINT (40 130),LINESTRING (10 10, 220 20, 10 40),POLYGON ((40 40, 20 45, 45 30, 40 40)))
1999-12-31T00:00:00.045 t008 t102 t200 t309 GEOMETRYCOLLECTION (POINT (40 10),LINESTRING (10 10, 230 20, 10 40),POLYGON ((40 40, 20 45, 45 30, 40 40)))


query 
select time, t0, t1, t2, t3, f0_bigint, f2_boolean from dml_tb2 order by time, t0, t1, t2, t3, f0_bigint, f2_boolean;
----
1999-12-31T00:00:00 t000 t109 t200 t300 -1 false
1999-12-31T00:00:00.005 t001 t108 t201 t304 1 false
1999-12-31T00:00:00.010 t002 t107 t202 t305 -9 true
1999-12-31T00:00:00.015 t003 t106 t203 t300 155 true
1999-12-31T00:00:00.020 t004 t105 t204 t300 1 true
1999-12-31T00:00:00.025 t005 t104 t205 t306 132 false
1999-12-31T00:00:00.030 t006 t103 t206 t300 321 true
1999-12-31T00:00:00.035 t009 t100 t200 t300 165 true
1999-12-31T00:00:00.040 t007 t101 t200 t306 -41 false
1999-12-31T00:00:00.045 t008 t102 t200 t309 451 true

query 
update dml_tb2 set f0_bigint = 10, f2_boolean = 'true' where t0 = 't000';
----
1

query 
select time, t0, t1, t2, t3, f0_bigint, f2_boolean from dml_tb2 order by time, t0, t1, t2, t3, f0_bigint, f2_boolean;
----
1999-12-31T00:00:00 t000 t109 t200 t300 10 true
1999-12-31T00:00:00.005 t001 t108 t201 t304 1 false
1999-12-31T00:00:00.010 t002 t107 t202 t305 -9 true
1999-12-31T00:00:00.015 t003 t106 t203 t300 155 true
1999-12-31T00:00:00.020 t004 t105 t204 t300 1 true
1999-12-31T00:00:00.025 t005 t104 t205 t306 132 false
1999-12-31T00:00:00.030 t006 t103 t206 t300 321 true
1999-12-31T00:00:00.035 t009 t100 t200 t300 165 true
1999-12-31T00:00:00.040 t007 t101 t200 t306 -41 false
1999-12-31T00:00:00.045 t008 t102 t200 t309 451 true

query error Arrow error: Io error: Status \{ code: Internal, message: "Build logical plan: Datafusion: Error during planning: Disable updating of the entire table, if you want to continue, please add `where true`", *
update dml_tb2 set f2_boolean = 'true';

query 
select time, t0, t1, t2, t3, f0_bigint, f2_boolean from dml_tb2 order by time, t0, t1, t2, t3, f0_bigint, f2_boolean;
----
1999-12-31T00:00:00 t000 t109 t200 t300 10 true
1999-12-31T00:00:00.005 t001 t108 t201 t304 1 false
1999-12-31T00:00:00.010 t002 t107 t202 t305 -9 true
1999-12-31T00:00:00.015 t003 t106 t203 t300 155 true
1999-12-31T00:00:00.020 t004 t105 t204 t300 1 true
1999-12-31T00:00:00.025 t005 t104 t205 t306 132 false
1999-12-31T00:00:00.030 t006 t103 t206 t300 321 true
1999-12-31T00:00:00.035 t009 t100 t200 t300 165 true
1999-12-31T00:00:00.040 t007 t101 t200 t306 -41 false
1999-12-31T00:00:00.045 t008 t102 t200 t309 451 true

query 
update dml_tb2 set f2_boolean = 'true' where true; 
----
10

query 
select time, t0, t1, t2, t3, f0_bigint, f2_boolean from dml_tb2 order by time, t0, t1, t2, t3, f0_bigint, f2_boolean;
----
1999-12-31T00:00:00 t000 t109 t200 t300 10 true
1999-12-31T00:00:00.005 t001 t108 t201 t304 1 true
1999-12-31T00:00:00.010 t002 t107 t202 t305 -9 true
1999-12-31T00:00:00.015 t003 t106 t203 t300 155 true
1999-12-31T00:00:00.020 t004 t105 t204 t300 1 true
1999-12-31T00:00:00.025 t005 t104 t205 t306 132 true
1999-12-31T00:00:00.030 t006 t103 t206 t300 321 true
1999-12-31T00:00:00.035 t009 t100 t200 t300 165 true
1999-12-31T00:00:00.040 t007 t101 t200 t306 -41 true
1999-12-31T00:00:00.045 t008 t102 t200 t309 451 true


query 
update dml_tb2 set f2_boolean = 'FALSE' where time = '1999-12-31T00:00:00';
----
1

query 
select time, t0, t1, t2, t3, f0_bigint, f2_boolean from dml_tb2 order by time, t0, t1, t2, t3, f0_bigint, f2_boolean;
----
1999-12-31T00:00:00 t000 t109 t200 t300 10 false
1999-12-31T00:00:00.005 t001 t108 t201 t304 1 true
1999-12-31T00:00:00.010 t002 t107 t202 t305 -9 true
1999-12-31T00:00:00.015 t003 t106 t203 t300 155 true
1999-12-31T00:00:00.020 t004 t105 t204 t300 1 true
1999-12-31T00:00:00.025 t005 t104 t205 t306 132 true
1999-12-31T00:00:00.030 t006 t103 t206 t300 321 true
1999-12-31T00:00:00.035 t009 t100 t200 t300 165 true
1999-12-31T00:00:00.040 t007 t101 t200 t306 -41 true
1999-12-31T00:00:00.045 t008 t102 t200 t309 451 true

query 
update dml_tb2 set f2_boolean = true where f0_bigint = 10;
----
1

query 
select time, t0, t1, t2, t3, f0_bigint, f2_boolean from dml_tb2 order by time, t0, t1, t2, t3, f0_bigint, f2_boolean;
----
1999-12-31T00:00:00 t000 t109 t200 t300 10 true
1999-12-31T00:00:00.005 t001 t108 t201 t304 1 true
1999-12-31T00:00:00.010 t002 t107 t202 t305 -9 true
1999-12-31T00:00:00.015 t003 t106 t203 t300 155 true
1999-12-31T00:00:00.020 t004 t105 t204 t300 1 true
1999-12-31T00:00:00.025 t005 t104 t205 t306 132 true
1999-12-31T00:00:00.030 t006 t103 t206 t300 321 true
1999-12-31T00:00:00.035 t009 t100 t200 t300 165 true
1999-12-31T00:00:00.040 t007 t101 t200 t306 -41 true
1999-12-31T00:00:00.045 t008 t102 t200 t309 451 true

query 
update dml_tb2 set f2_boolean = false where f2_boolean = true ;
----
10

query 
select time, t0, t1, t2, t3, f0_bigint, f2_boolean from dml_tb2 order by time, t0, t1, t2, t3, f0_bigint, f2_boolean;
----
1999-12-31T00:00:00 t000 t109 t200 t300 10 false
1999-12-31T00:00:00.005 t001 t108 t201 t304 1 false
1999-12-31T00:00:00.010 t002 t107 t202 t305 -9 false
1999-12-31T00:00:00.015 t003 t106 t203 t300 155 false
1999-12-31T00:00:00.020 t004 t105 t204 t300 1 false
1999-12-31T00:00:00.025 t005 t104 t205 t306 132 false
1999-12-31T00:00:00.030 t006 t103 t206 t300 321 false
1999-12-31T00:00:00.035 t009 t100 t200 t300 165 false
1999-12-31T00:00:00.040 t007 t101 t200 t306 -41 false
1999-12-31T00:00:00.045 t008 t102 t200 t309 451 false

query 
UPDATE dml_tb2 SET f2_boolean = true WHERE f2_boolean = false and t0 = 't000' and time = '1999-12-31T00:00:00';
----
1

query 
select time, t0, t1, t2, t3, f0_bigint, f2_boolean from dml_tb2 order by time, t0, t1, t2, t3, f0_bigint, f2_boolean;
----
1999-12-31T00:00:00 t000 t109 t200 t300 10 true
1999-12-31T00:00:00.005 t001 t108 t201 t304 1 false
1999-12-31T00:00:00.010 t002 t107 t202 t305 -9 false
1999-12-31T00:00:00.015 t003 t106 t203 t300 155 false
1999-12-31T00:00:00.020 t004 t105 t204 t300 1 false
1999-12-31T00:00:00.025 t005 t104 t205 t306 132 false
1999-12-31T00:00:00.030 t006 t103 t206 t300 321 false
1999-12-31T00:00:00.035 t009 t100 t200 t300 165 false
1999-12-31T00:00:00.040 t007 t101 t200 t306 -41 false
1999-12-31T00:00:00.045 t008 t102 t200 t309 451 false

query error Arrow error: Io error: Status \{ code: Internal, message: "Execute logical plan: Datafusion: transform_update\\ncaused by\\nExternal error: This feature is not implemented: update_time", *
update dml_tb2 set time = '1999-12-21T00:00:00' where f2_boolean = true;
