##########
## DDL
##########

statement ok
drop database if exists gapfill_db;

statement ok
create database gapfill_db WITH TTL '1000000d';

statement ok
drop table if exists gapfill_db.m2;

statement ok
CREATE TABLE IF NOT EXISTS gapfill_db.m2(f0 BIGINT , f1 DOUBLE , TAGS(t0, t1, t2) );

##########
## Query
##########

# prepare data
statement ok
INSERT gapfill_db.m2(TIME, f0, f1, t0, t1)
VALUES
    ('1999-12-31 00:00:00.000', 111, 444, 'tag11', 'tag21'),
    ('1999-12-31 00:00:00.005', 222, 333, 'tag12', 'tag22'),
    ('1999-12-31 00:00:00.010', 333, 222, 'tag13', 'tag23'),
    ('1999-12-31 00:00:00.015', 444, 111, 'tag14', 'tag24'),
    ('1999-12-31 00:00:00.020', 222, 555, 'tag11', 'tag21'),
    ('1999-12-31 00:00:00.025', 333, 444, 'tag12', 'tag22'),
    ('1999-12-31 00:00:00.030', 444, 333, 'tag13', 'tag23'),
    ('1999-12-31 00:00:00.035', 555, 222, 'tag14', 'tag24');

# no time range
statement error
SELECT
  t0,
  time_window_gapfill(time, interval '10 milliseconds') as minute,
  locf(avg(f1))
from gapfill_db.m2
group by t0, minute;

query T
SELECT
  t0,
  time_window_gapfill(time, interval '10 milliseconds') as minute,
  locf(avg(f1))
from gapfill_db.m2
where time between timestamp '1999-12-31T00:00:00.000Z' and timestamp '1999-12-31T00:00:00.055Z'
group by t0, minute;
----
tag11 1999-12-31T00:00:00 444.0
tag11 1999-12-31T00:00:00.010 444.0
tag11 1999-12-31T00:00:00.020 555.0
tag11 1999-12-31T00:00:00.030 555.0
tag11 1999-12-31T00:00:00.040 555.0
tag11 1999-12-31T00:00:00.050 555.0
tag12 1999-12-31T00:00:00 333.0
tag12 1999-12-31T00:00:00.010 333.0
tag12 1999-12-31T00:00:00.020 444.0
tag12 1999-12-31T00:00:00.030 444.0
tag12 1999-12-31T00:00:00.040 444.0
tag12 1999-12-31T00:00:00.050 444.0
tag13 1999-12-31T00:00:00 NULL
tag13 1999-12-31T00:00:00.010 222.0
tag13 1999-12-31T00:00:00.020 222.0
tag13 1999-12-31T00:00:00.030 333.0
tag13 1999-12-31T00:00:00.040 333.0
tag13 1999-12-31T00:00:00.050 333.0
tag14 1999-12-31T00:00:00 NULL
tag14 1999-12-31T00:00:00.010 111.0
tag14 1999-12-31T00:00:00.020 111.0
tag14 1999-12-31T00:00:00.030 222.0
tag14 1999-12-31T00:00:00.040 222.0
tag14 1999-12-31T00:00:00.050 222.0

query T
SELECT
  t0,
  time_window_gapfill(time, interval '10 milliseconds') as minute,
  interpolate(avg(f1))
from gapfill_db.m2
where time between timestamp '1999-12-31T00:00:00.000Z' and timestamp '1999-12-31T00:00:00.055Z'
group by t0, minute;
----
tag11 1999-12-31T00:00:00 444.0
tag11 1999-12-31T00:00:00.010 499.5
tag11 1999-12-31T00:00:00.020 555.0
tag11 1999-12-31T00:00:00.030 NULL
tag11 1999-12-31T00:00:00.040 NULL
tag11 1999-12-31T00:00:00.050 NULL
tag12 1999-12-31T00:00:00 333.0
tag12 1999-12-31T00:00:00.010 388.5
tag12 1999-12-31T00:00:00.020 444.0
tag12 1999-12-31T00:00:00.030 NULL
tag12 1999-12-31T00:00:00.040 NULL
tag12 1999-12-31T00:00:00.050 NULL
tag13 1999-12-31T00:00:00 NULL
tag13 1999-12-31T00:00:00.010 222.0
tag13 1999-12-31T00:00:00.020 277.5
tag13 1999-12-31T00:00:00.030 333.0
tag13 1999-12-31T00:00:00.040 NULL
tag13 1999-12-31T00:00:00.050 NULL
tag14 1999-12-31T00:00:00 NULL
tag14 1999-12-31T00:00:00.010 111.0
tag14 1999-12-31T00:00:00.020 166.5
tag14 1999-12-31T00:00:00.030 222.0
tag14 1999-12-31T00:00:00.040 NULL
tag14 1999-12-31T00:00:00.050 NULL

# Gap filling with no other group keys
query T
SELECT
  time_window_gapfill(time, interval '10 minute') as minute,
  count(f1)
from gapfill_db.m2
where time between timestamp '1999-12-31T00:00:00.000Z' and timestamp '1999-12-31T00:00:00.055Z'
group by minute;
----
1999-12-31T00:00:00 8

# Gap filling with no other group keys and no aggregates
query T
SELECT
  time_window_gapfill(time, interval '10 milliseconds') as minute
from gapfill_db.m2
where time between timestamp '1999-12-31T00:00:00.000Z' and timestamp '1999-12-31T00:00:00.055Z'
group by minute;
----
1999-12-31T00:00:00
1999-12-31T00:00:00.010
1999-12-31T00:00:00.020
1999-12-31T00:00:00.030
1999-12-31T00:00:00.040
1999-12-31T00:00:00.050

# gap filling with a group key
query T
SELECT
  time_window_gapfill(time, interval '10 milliseconds') as minute,
  t1,
  count(f0)
from gapfill_db.m2
where time between timestamp '1999-12-31T00:00:00.000Z' and timestamp '1999-12-31T00:00:00.055Z'
group by minute, t1;
----
1999-12-31T00:00:00 tag21 1
1999-12-31T00:00:00.010 tag21 NULL
1999-12-31T00:00:00.020 tag21 1
1999-12-31T00:00:00.030 tag21 NULL
1999-12-31T00:00:00.040 tag21 NULL
1999-12-31T00:00:00.050 tag21 NULL
1999-12-31T00:00:00 tag22 1
1999-12-31T00:00:00.010 tag22 NULL
1999-12-31T00:00:00.020 tag22 1
1999-12-31T00:00:00.030 tag22 NULL
1999-12-31T00:00:00.040 tag22 NULL
1999-12-31T00:00:00.050 tag22 NULL
1999-12-31T00:00:00 tag23 NULL
1999-12-31T00:00:00.010 tag23 1
1999-12-31T00:00:00.020 tag23 NULL
1999-12-31T00:00:00.030 tag23 1
1999-12-31T00:00:00.040 tag23 NULL
1999-12-31T00:00:00.050 tag23 NULL
1999-12-31T00:00:00 tag24 NULL
1999-12-31T00:00:00.010 tag24 1
1999-12-31T00:00:00.020 tag24 NULL
1999-12-31T00:00:00.030 tag24 1
1999-12-31T00:00:00.040 tag24 NULL
1999-12-31T00:00:00.050 tag24 NULL

# gap filling with an origin argument that is not the epoch
query 
SELECT
  time_window_gapfill(time, interval '10 milliseconds', interval '10 milliseconds', timestamp '1970-01-01T00:00:00.007Z') as minute,
  t1,
  count(f0)
from gapfill_db.m2
where time between timestamp '1999-12-31T00:00:00.000Z' and timestamp '1999-12-31T00:00:00.055Z'
group by minute, t1;
----
1999-12-30T23:59:59.997 tag21 1
1999-12-31T00:00:00.007 tag21 NULL
1999-12-31T00:00:00.017 tag21 1
1999-12-31T00:00:00.027 tag21 NULL
1999-12-31T00:00:00.037 tag21 NULL
1999-12-31T00:00:00.047 tag21 NULL
1999-12-30T23:59:59.997 tag22 1
1999-12-31T00:00:00.007 tag22 NULL
1999-12-31T00:00:00.017 tag22 1
1999-12-31T00:00:00.027 tag22 NULL
1999-12-31T00:00:00.037 tag22 NULL
1999-12-31T00:00:00.047 tag22 NULL
1999-12-30T23:59:59.997 tag23 NULL
1999-12-31T00:00:00.007 tag23 1
1999-12-31T00:00:00.017 tag23 NULL
1999-12-31T00:00:00.027 tag23 1
1999-12-31T00:00:00.037 tag23 NULL
1999-12-31T00:00:00.047 tag23 NULL
1999-12-30T23:59:59.997 tag24 NULL
1999-12-31T00:00:00.007 tag24 1
1999-12-31T00:00:00.017 tag24 NULL
1999-12-31T00:00:00.027 tag24 1
1999-12-31T00:00:00.037 tag24 NULL
1999-12-31T00:00:00.047 tag24 NULL

# gap filling works with nanosecond precision.
query 
SELECT
  time_window_gapfill(time, interval '4 minutes 1 nanosecond', interval '4 minutes 1 nanosecond', timestamp '2000-05-05T12:15:59.999999999') as four_minute,
  interpolate(min(f0)),
  interpolate(min(f1)),
  count(*)
from gapfill_db.m2
where time between timestamp '1999-12-31T00:00:00.000Z' and timestamp '1999-12-31T00:00:00.055Z'
group by four_minute;
----
1999-12-30T23:59:59.999954455 111 111.0 8

statement ok
INSERT gapfill_db.m2(TIME, f0, f1, t0, t1)
VALUES
    ('1999-12-31 00:00:00.055', 1, 222, 'tag14', 'tag24');

# gap filling works with sliding window
query 
SELECT
  t0,
  time_window_gapfill(time, interval '10 milliseconds', interval '5 milliseconds') as minute,
  locf(avg(f1))
from gapfill_db.m2
where time between timestamp '1999-12-31T00:00:00.000Z' and timestamp '1999-12-31T00:00:00.055Z'
group by t0, minute;
----
tag11 1999-12-30T23:59:59.995 444.0
tag11 1999-12-31T00:00:00 444.0
tag11 1999-12-31T00:00:00.005 444.0
tag11 1999-12-31T00:00:00.010 444.0
tag11 1999-12-31T00:00:00.015 555.0
tag11 1999-12-31T00:00:00.020 555.0
tag11 1999-12-31T00:00:00.025 555.0
tag11 1999-12-31T00:00:00.030 555.0
tag11 1999-12-31T00:00:00.035 555.0
tag11 1999-12-31T00:00:00.040 555.0
tag11 1999-12-31T00:00:00.045 555.0
tag11 1999-12-31T00:00:00.050 555.0
tag11 1999-12-31T00:00:00.055 555.0
tag12 1999-12-30T23:59:59.995 NULL
tag12 1999-12-31T00:00:00 333.0
tag12 1999-12-31T00:00:00.005 333.0
tag12 1999-12-31T00:00:00.010 333.0
tag12 1999-12-31T00:00:00.015 333.0
tag12 1999-12-31T00:00:00.020 444.0
tag12 1999-12-31T00:00:00.025 444.0
tag12 1999-12-31T00:00:00.030 444.0
tag12 1999-12-31T00:00:00.035 444.0
tag12 1999-12-31T00:00:00.040 444.0
tag12 1999-12-31T00:00:00.045 444.0
tag12 1999-12-31T00:00:00.050 444.0
tag12 1999-12-31T00:00:00.055 444.0
tag13 1999-12-30T23:59:59.995 NULL
tag13 1999-12-31T00:00:00 NULL
tag13 1999-12-31T00:00:00.005 222.0
tag13 1999-12-31T00:00:00.010 222.0
tag13 1999-12-31T00:00:00.015 222.0
tag13 1999-12-31T00:00:00.020 222.0
tag13 1999-12-31T00:00:00.025 333.0
tag13 1999-12-31T00:00:00.030 333.0
tag13 1999-12-31T00:00:00.035 333.0
tag13 1999-12-31T00:00:00.040 333.0
tag13 1999-12-31T00:00:00.045 333.0
tag13 1999-12-31T00:00:00.050 333.0
tag13 1999-12-31T00:00:00.055 333.0
tag14 1999-12-30T23:59:59.995 NULL
tag14 1999-12-31T00:00:00 NULL
tag14 1999-12-31T00:00:00.005 NULL
tag14 1999-12-31T00:00:00.010 111.0
tag14 1999-12-31T00:00:00.015 111.0
tag14 1999-12-31T00:00:00.020 111.0
tag14 1999-12-31T00:00:00.025 111.0
tag14 1999-12-31T00:00:00.030 222.0
tag14 1999-12-31T00:00:00.035 222.0
tag14 1999-12-31T00:00:00.040 222.0
tag14 1999-12-31T00:00:00.045 222.0
tag14 1999-12-31T00:00:00.050 222.0
tag14 1999-12-31T00:00:00.055 222.0

# gap filling works with sliding window
query 
SELECT
  t0,
  time_window_gapfill(time, interval '10 milliseconds', interval '5 milliseconds') as minute,
  locf(avg(f1))
from gapfill_db.m2
where time between timestamp '1999-12-31T00:00:00.020Z' and timestamp '1999-12-31T00:00:00.055Z'
group by t0, minute;
----
tag11 1999-12-31T00:00:00.015 555.0
tag11 1999-12-31T00:00:00.020 555.0
tag11 1999-12-31T00:00:00.025 555.0
tag11 1999-12-31T00:00:00.030 555.0
tag11 1999-12-31T00:00:00.035 555.0
tag11 1999-12-31T00:00:00.040 555.0
tag11 1999-12-31T00:00:00.045 555.0
tag11 1999-12-31T00:00:00.050 555.0
tag11 1999-12-31T00:00:00.055 555.0
tag12 1999-12-31T00:00:00.015 NULL
tag12 1999-12-31T00:00:00.020 444.0
tag12 1999-12-31T00:00:00.025 444.0
tag12 1999-12-31T00:00:00.030 444.0
tag12 1999-12-31T00:00:00.035 444.0
tag12 1999-12-31T00:00:00.040 444.0
tag12 1999-12-31T00:00:00.045 444.0
tag12 1999-12-31T00:00:00.050 444.0
tag12 1999-12-31T00:00:00.055 444.0
tag13 1999-12-31T00:00:00.015 NULL
tag13 1999-12-31T00:00:00.020 NULL
tag13 1999-12-31T00:00:00.025 333.0
tag13 1999-12-31T00:00:00.030 333.0
tag13 1999-12-31T00:00:00.035 333.0
tag13 1999-12-31T00:00:00.040 333.0
tag13 1999-12-31T00:00:00.045 333.0
tag13 1999-12-31T00:00:00.050 333.0
tag13 1999-12-31T00:00:00.055 333.0
tag14 1999-12-31T00:00:00.015 NULL
tag14 1999-12-31T00:00:00.020 NULL
tag14 1999-12-31T00:00:00.025 NULL
tag14 1999-12-31T00:00:00.030 222.0
tag14 1999-12-31T00:00:00.035 222.0
tag14 1999-12-31T00:00:00.040 222.0
tag14 1999-12-31T00:00:00.045 222.0
tag14 1999-12-31T00:00:00.050 222.0
tag14 1999-12-31T00:00:00.055 222.0

# gap filling works with sliding window and start time
query 
SELECT
  t0,
  time_window_gapfill(time, interval '10 milliseconds', interval '5 milliseconds', timestamp '1970-01-01T00:00:00.002Z') as minute,
  locf(avg(f1))
from gapfill_db.m2
where time between timestamp '1999-12-31T00:00:00.000Z' and timestamp '1999-12-31T00:00:00.055Z'
group by t0, minute;
----
tag11 1999-12-30T23:59:59.992 444.0
tag11 1999-12-30T23:59:59.997 444.0
tag11 1999-12-31T00:00:00.002 444.0
tag11 1999-12-31T00:00:00.007 444.0
tag11 1999-12-31T00:00:00.012 555.0
tag11 1999-12-31T00:00:00.017 555.0
tag11 1999-12-31T00:00:00.022 555.0
tag11 1999-12-31T00:00:00.027 555.0
tag11 1999-12-31T00:00:00.032 555.0
tag11 1999-12-31T00:00:00.037 555.0
tag11 1999-12-31T00:00:00.042 555.0
tag11 1999-12-31T00:00:00.047 555.0
tag11 1999-12-31T00:00:00.052 555.0
tag12 1999-12-30T23:59:59.992 NULL
tag12 1999-12-30T23:59:59.997 333.0
tag12 1999-12-31T00:00:00.002 333.0
tag12 1999-12-31T00:00:00.007 333.0
tag12 1999-12-31T00:00:00.012 333.0
tag12 1999-12-31T00:00:00.017 444.0
tag12 1999-12-31T00:00:00.022 444.0
tag12 1999-12-31T00:00:00.027 444.0
tag12 1999-12-31T00:00:00.032 444.0
tag12 1999-12-31T00:00:00.037 444.0
tag12 1999-12-31T00:00:00.042 444.0
tag12 1999-12-31T00:00:00.047 444.0
tag12 1999-12-31T00:00:00.052 444.0
tag13 1999-12-30T23:59:59.992 NULL
tag13 1999-12-30T23:59:59.997 NULL
tag13 1999-12-31T00:00:00.002 222.0
tag13 1999-12-31T00:00:00.007 222.0
tag13 1999-12-31T00:00:00.012 222.0
tag13 1999-12-31T00:00:00.017 222.0
tag13 1999-12-31T00:00:00.022 333.0
tag13 1999-12-31T00:00:00.027 333.0
tag13 1999-12-31T00:00:00.032 333.0
tag13 1999-12-31T00:00:00.037 333.0
tag13 1999-12-31T00:00:00.042 333.0
tag13 1999-12-31T00:00:00.047 333.0
tag13 1999-12-31T00:00:00.052 333.0
tag14 1999-12-30T23:59:59.992 NULL
tag14 1999-12-30T23:59:59.997 NULL
tag14 1999-12-31T00:00:00.002 NULL
tag14 1999-12-31T00:00:00.007 111.0
tag14 1999-12-31T00:00:00.012 111.0
tag14 1999-12-31T00:00:00.017 111.0
tag14 1999-12-31T00:00:00.022 111.0
tag14 1999-12-31T00:00:00.027 222.0
tag14 1999-12-31T00:00:00.032 222.0
tag14 1999-12-31T00:00:00.037 222.0
tag14 1999-12-31T00:00:00.042 222.0
tag14 1999-12-31T00:00:00.047 222.0
tag14 1999-12-31T00:00:00.052 222.0

# gap filling works with sliding window
query 
SELECT
  t0,
  time_window_gapfill(time, interval '5 milliseconds', interval '10 milliseconds') as minute,
  locf(avg(f1))
from gapfill_db.m2
where time between timestamp '1999-12-31T00:00:00.000Z' and timestamp '1999-12-31T00:00:00.055Z'
group by t0, minute;
----
tag11 1999-12-31T00:00:00 444.0
tag11 1999-12-31T00:00:00.010 444.0
tag11 1999-12-31T00:00:00.020 555.0
tag11 1999-12-31T00:00:00.030 555.0
tag11 1999-12-31T00:00:00.040 555.0
tag11 1999-12-31T00:00:00.050 555.0
tag13 1999-12-31T00:00:00 NULL
tag13 1999-12-31T00:00:00.010 222.0
tag13 1999-12-31T00:00:00.020 222.0
tag13 1999-12-31T00:00:00.030 333.0
tag13 1999-12-31T00:00:00.040 333.0
tag13 1999-12-31T00:00:00.050 333.0

# gap filling works with sliding window and start time
query 
SELECT
  t0,
  time_window_gapfill(time, interval '5 milliseconds', interval '10 milliseconds', timestamp '1970-01-01T00:00:00.002Z') as minute,
  locf(avg(f1))
from gapfill_db.m2
where time between timestamp '1999-12-31T00:00:00.000Z' and timestamp '1999-12-31T00:00:00.055Z'
group by t0, minute;
----
tag12 1999-12-31T00:00:00.002 333.0
tag12 1999-12-31T00:00:00.012 333.0
tag12 1999-12-31T00:00:00.022 444.0
tag12 1999-12-31T00:00:00.032 444.0
tag12 1999-12-31T00:00:00.042 444.0
tag12 1999-12-31T00:00:00.052 444.0
tag14 1999-12-31T00:00:00.002 NULL
tag14 1999-12-31T00:00:00.012 111.0
tag14 1999-12-31T00:00:00.022 111.0
tag14 1999-12-31T00:00:00.032 222.0
tag14 1999-12-31T00:00:00.042 222.0
tag14 1999-12-31T00:00:00.052 222.0

# gap filling works with sliding window and start time
query 
SELECT
  t0,
  time_window_gapfill(time, interval '5 milliseconds', interval '10 milliseconds', timestamp '1970-01-01T00:00:00.002Z') as minute,
  interpolate(avg(f1))
from gapfill_db.m2
where time between timestamp '1999-12-31T00:00:00.000Z' and timestamp '1999-12-31T00:00:00.055Z'
group by t0, minute;
----
tag12 1999-12-31T00:00:00.002 333.0
tag12 1999-12-31T00:00:00.012 388.5
tag12 1999-12-31T00:00:00.022 444.0
tag12 1999-12-31T00:00:00.032 NULL
tag12 1999-12-31T00:00:00.042 NULL
tag12 1999-12-31T00:00:00.052 NULL
tag14 1999-12-31T00:00:00.002 NULL
tag14 1999-12-31T00:00:00.012 111.0
tag14 1999-12-31T00:00:00.022 166.5
tag14 1999-12-31T00:00:00.032 222.0
tag14 1999-12-31T00:00:00.042 222.0
tag14 1999-12-31T00:00:00.052 222.0

# Too many overlapping windows
query error Arrow error: Io error: Status \{ code: Internal, message: "Execute logical plan: Datafusion: transform_time_window\\ncaused by\\nError during planning: Too many overlapping windows: 500000000", .*
SELECT
  t0,
  time_window_gapfill(time, interval '5000000000 milliseconds', interval '10 milliseconds', timestamp '1970-01-01T00:00:00.002Z') as minute,
  interpolate(avg(f1))
from gapfill_db.m2
where time between timestamp '1999-12-31T00:00:00.000Z' and timestamp '1999-12-31T00:00:00.055Z'
group by t0, minute;

# no data falls in the window
statement ok
SELECT
  t0,
  time_window_gapfill(time, interval '5 milliseconds', interval '5000000000 milliseconds', timestamp '1970-01-01T00:00:00.002Z') as minute,
  interpolate(avg(f1))
from gapfill_db.m2
where time between timestamp '1999-12-31T00:00:00.000Z' and timestamp '1999-12-31T00:00:00.055Z'
group by t0, minute;

# Too many overlapping windows
query error Arrow error: Io error: Status \{ code: Internal, message: "Execute logical plan: Datafusion: transform_time_window\\ncaused by\\nError during planning: Too many overlapping windows: 101", .*
SELECT
  t0,
  time_window_gapfill(time, interval '101 milliseconds', interval '1 milliseconds', timestamp '1970-01-01T00:00:00.002Z') as minute,
  interpolate(avg(f1))
from gapfill_db.m2
where time between timestamp '1999-12-31T00:00:00.000Z' and timestamp '1999-12-31T00:00:00.055Z'
group by t0, minute;

# Maximum bounds of overlapping windows
query 
SELECT
  t0,
  time_window_gapfill(time, interval '100 milliseconds', interval '1 milliseconds', timestamp '1970-01-01T00:00:00.002Z') as minute,
  interpolate(avg(f1))
from gapfill_db.m2
where time between timestamp '1999-12-31T00:00:00.000Z' and timestamp '1999-12-31T00:00:00.055Z'
group by t0, minute
limit 10;
----
tag11 1999-12-30T23:59:59.901 444.0
tag11 1999-12-30T23:59:59.902 444.0
tag11 1999-12-30T23:59:59.903 444.0
tag11 1999-12-30T23:59:59.904 444.0
tag11 1999-12-30T23:59:59.905 444.0
tag11 1999-12-30T23:59:59.906 444.0
tag11 1999-12-30T23:59:59.907 444.0
tag11 1999-12-30T23:59:59.908 444.0
tag11 1999-12-30T23:59:59.909 444.0
tag11 1999-12-30T23:59:59.910 444.0

# with alias
query 
with tmp as(SELECT
  t0,
  time_window_gapfill(time, interval '10 milliseconds') as minute,
  locf(avg(f1)) as locf_avg
from gapfill_db.m2
where time between timestamp '1999-12-31T00:00:00.000Z' and timestamp '1999-12-31T00:00:00.055Z'
group by t0, minute)
select * from tmp;
----
tag11 1999-12-31T00:00:00 444.0
tag11 1999-12-31T00:00:00.010 444.0
tag11 1999-12-31T00:00:00.020 555.0
tag11 1999-12-31T00:00:00.030 555.0
tag11 1999-12-31T00:00:00.040 555.0
tag11 1999-12-31T00:00:00.050 555.0
tag12 1999-12-31T00:00:00 333.0
tag12 1999-12-31T00:00:00.010 333.0
tag12 1999-12-31T00:00:00.020 444.0
tag12 1999-12-31T00:00:00.030 444.0
tag12 1999-12-31T00:00:00.040 444.0
tag12 1999-12-31T00:00:00.050 444.0
tag13 1999-12-31T00:00:00 NULL
tag13 1999-12-31T00:00:00.010 222.0
tag13 1999-12-31T00:00:00.020 222.0
tag13 1999-12-31T00:00:00.030 333.0
tag13 1999-12-31T00:00:00.040 333.0
tag13 1999-12-31T00:00:00.050 333.0
tag14 1999-12-31T00:00:00 NULL
tag14 1999-12-31T00:00:00.010 111.0
tag14 1999-12-31T00:00:00.020 111.0
tag14 1999-12-31T00:00:00.030 222.0
tag14 1999-12-31T00:00:00.040 222.0
tag14 1999-12-31T00:00:00.050 222.0
