-- EXECUTE SQL: DROP DATABASE IF EXISTS createtable; --
200 OK


-- EXECUTE SQL: CREATE DATABASE createtable WITH TTL '100000d'; --
200 OK


-- EXECUTE SQL: CREATE TABLE createtable."tesT"(column1 BIGINT,); --
422 Unprocessable Entity
{"error_code":"010009","error_message":"sql parser error: Expected identifier, found: )"}
-- ERROR:  --

-- EXECUTE SQL: CREATE TABLE createtable.tesT; --
422 Unprocessable Entity
{"error_code":"010009","error_message":"sql parser error: Expected field columns when create table"}
-- ERROR:  --

-- EXECUTE SQL: CREATE TABLE createtable.tesT(column1 BIGINT,); --
422 Unprocessable Entity
{"error_code":"010009","error_message":"sql parser error: Expected identifier, found: )"}
-- ERROR:  --

-- EXECUTE SQL: SHOW TABLES; --
-- AFTER_SORT --
200 OK


-- EXECUTE SQL: CREATE TABLE test0( column1 BIGINT CODEC(DELTA), column2 STRING CODEC(GZIP), column3 BIGINT UNSIGNED CODEC(NULL), column4 BOOLEAN, column5 DOUBLE CODEC(GORILLA), TAGS(column6, column7)); --
200 OK


-- EXECUTE SQL: insert createtable.test0(TIME, column1, column2, column3, column4, column5, column6, column7) values (100, -1234, 'hello', 1234, false, 1.2, 'beijing', 'shanghai'); --
-- AFTER_SORT --
200 OK
rows
1

-- EXECUTE SQL: insert createtable.test0(TIME, column1, column2, column3, column4, column5, column6, column7) values (101, -1234, 'hello', -1234, false, 1.2, 'beijing', 'shanghai'); --
-- AFTER_SORT --
422 Unprocessable Entity
{"error_code":"010002","error_message":"Arrow: Cast error: Can't cast value -1234 to type UInt64"}
-- ERROR:  --

-- EXECUTE SQL: insert createtable.test0(TIME, column1, column2, column3, column4, column5, column6, column7) values (102, -1234, 'hello', 1234, false, 'failed', 'beijing', 'shanghai'); --
-- AFTER_SORT --
422 Unprocessable Entity
{"error_code":"010002","error_message":"Arrow: Cast error: Cannot cast string 'failed' to value of Float64 type"}
-- ERROR:  --

-- EXECUTE SQL: insert createtable.test0(TIME, column1, column2, column3, column4, column5, column6, column7) values (0.1, -1234, 'hello', 1234, true, 1.2, 'beijing', 'shanghai'); --
-- AFTER_SORT --
422 Unprocessable Entity
{"error_code":"010001","error_message":"Datafusion: This feature is not implemented: Unsupported CAST from Float64 to Timestamp(Nanosecond, None)"}
-- ERROR:  --

-- EXECUTE SQL: insert createtable.test0(TIME, column1, column2, column3, column4, column5, column6, column7) values (103, -1234, 'hello', 1234, false, 1.2, 'beijing', 'shanghai'); --
-- AFTER_SORT --
200 OK
rows
1

-- EXECUTE SQL: insert createtable.test0(TIME, column1, column2, column3, column4, column5, column6, column7) values (104, -1234, 'hello', 1234, false, 1.2, 'beijing', 'shanghai'); --
-- AFTER_SORT --
200 OK
rows
1

-- EXECUTE SQL: insert createtable.test0(TIME, column2, column3, column4, column5, column6) values (100, 'hello', 1234, false, 1.2, 'beijing'); --
-- AFTER_SORT --
200 OK
rows
1

-- EXECUTE SQL: insert createtable.test0(TIME, column1, column2, column3, column4, column5) values (100, -1234, 'hello', 1234, false, 1.2); --
-- AFTER_SORT --
200 OK
rows
1

-- EXECUTE SQL: select ALL * from createtable.test0; --
-- AFTER_SORT --
200 OK
time,column6,column7,column1,column2,column3,column4,column5
1970-01-01T00:00:00.000000100,,,-1234,hello,1234,false,1.2
1970-01-01T00:00:00.000000100,beijing,,,hello,1234,false,1.2
1970-01-01T00:00:00.000000100,beijing,shanghai,-1234,hello,1234,false,1.2
1970-01-01T00:00:00.000000103,beijing,shanghai,-1234,hello,1234,false,1.2
1970-01-01T00:00:00.000000104,beijing,shanghai,-1234,hello,1234,false,1.2

-- EXECUTE SQL: select ALL * from test0; --
-- AFTER_SORT --
200 OK
time,column6,column7,column1,column2,column3,column4,column5
1970-01-01T00:00:00.000000100,,,-1234,hello,1234,false,1.2
1970-01-01T00:00:00.000000100,beijing,,,hello,1234,false,1.2
1970-01-01T00:00:00.000000100,beijing,shanghai,-1234,hello,1234,false,1.2
1970-01-01T00:00:00.000000103,beijing,shanghai,-1234,hello,1234,false,1.2
1970-01-01T00:00:00.000000104,beijing,shanghai,-1234,hello,1234,false,1.2

-- EXECUTE SQL: select ALL * from public.test0; --
-- AFTER_SORT --
422 Unprocessable Entity
{"error_code":"010001","error_message":"Datafusion: Error during planning: Table not found, tenant: cnosdb db: public, table: test0"}
-- ERROR:  --

-- EXECUTE SQL: ALTER TABLE test0 DROP column2; --
200 OK


-- EXECUTE SQL: select ALL * from test0; --
-- AFTER_SORT --
200 OK
time,column6,column7,column1,column3,column4,column5
1970-01-01T00:00:00.000000100,,,-1234,1234,false,1.2
1970-01-01T00:00:00.000000100,beijing,,,1234,false,1.2
1970-01-01T00:00:00.000000100,beijing,shanghai,-1234,1234,false,1.2
1970-01-01T00:00:00.000000103,beijing,shanghai,-1234,1234,false,1.2
1970-01-01T00:00:00.000000104,beijing,shanghai,-1234,1234,false,1.2

-- EXECUTE SQL: ALTER TABLE test0 DROP column7; --
422 Unprocessable Entity
{"error_code":"010030","error_message":"Semantic error: Can't drop tag column column7."}
-- ERROR:  --

-- EXECUTE SQL: SELECT ALL * FROM test0; --
-- AFTER_SORT --
200 OK
time,column6,column7,column1,column3,column4,column5
1970-01-01T00:00:00.000000100,,,-1234,1234,false,1.2
1970-01-01T00:00:00.000000100,beijing,,,1234,false,1.2
1970-01-01T00:00:00.000000100,beijing,shanghai,-1234,1234,false,1.2
1970-01-01T00:00:00.000000103,beijing,shanghai,-1234,1234,false,1.2
1970-01-01T00:00:00.000000104,beijing,shanghai,-1234,1234,false,1.2

-- EXECUTE SQL: ALTER TABLE test0 ADD TAG column8; --
200 OK


-- EXECUTE SQL: SELECT ALL * FROM test0; --
-- AFTER_SORT --
200 OK
time,column6,column7,column1,column3,column4,column5,column8
1970-01-01T00:00:00.000000100,,,-1234,1234,false,1.2,
1970-01-01T00:00:00.000000100,beijing,,,1234,false,1.2,
1970-01-01T00:00:00.000000100,beijing,shanghai,-1234,1234,false,1.2,
1970-01-01T00:00:00.000000103,beijing,shanghai,-1234,1234,false,1.2,
1970-01-01T00:00:00.000000104,beijing,shanghai,-1234,1234,false,1.2,

-- EXECUTE SQL: ALTER TABLE test0 ADD TAG column7; --
422 Unprocessable Entity
{"error_code":"010028","error_message":"Semantic error:  column column7 already exists in table test0"}
-- ERROR:  --

-- EXECUTE SQL: SELECT ALL * FROM test0; --
-- AFTER_SORT --
200 OK
time,column6,column7,column1,column3,column4,column5,column8
1970-01-01T00:00:00.000000100,,,-1234,1234,false,1.2,
1970-01-01T00:00:00.000000100,beijing,,,1234,false,1.2,
1970-01-01T00:00:00.000000100,beijing,shanghai,-1234,1234,false,1.2,
1970-01-01T00:00:00.000000103,beijing,shanghai,-1234,1234,false,1.2,
1970-01-01T00:00:00.000000104,beijing,shanghai,-1234,1234,false,1.2,

-- EXECUTE SQL: CREATE TABLE test1( column0 TIMESTAMP CODEC(DELTA), column1 BIGINT CODEC(DELTA), column2 STRING CODEC(GZIP), column3 BIGINT UNSIGNED CODEC(NULL), column4 BOOLEAN, column5 DOUBLE CODEC(GORILLA), TAGS(column6, column7)); --
422 Unprocessable Entity
{"error_code":"010028","error_message":"Semantic error:  column time already exists in table cnosdb.createtable.test1"}
-- ERROR:  --

-- EXECUTE SQL: CREATE TABLE test2( column1 BIGINT CODEC(DELTA), column2 STRING CODEC(GZIP), column3 BIGINT UNSIGNED CODEC(NULL), column4 BOOLEAN, column5 DOUBLE CODEC(GORILLA)); --
200 OK


-- EXECUTE SQL: CREATE TABLE test0( column1 BIGINT CODEC(DELTA), column2 STRING CODEC(GZIP), column3 BIGINT UNSIGNED CODEC(NULL), column4 BOOLEAN, column5 DOUBLE CODEC(GORILLA), TAGS(column6, column7)); --
422 Unprocessable Entity
{"error_code":"030020","error_message":"Table test0 already exists."}
-- ERROR:  --

-- EXECUTE SQL: CREATE TABLE IF NOT EXISTS test0( column1 BIGINT CODEC(DELTA), column2 STRING CODEC(GZIP), column3 BIGINT UNSIGNED CODEC(NULL), column4 BOOLEAN, column5 DOUBLE CODEC(GORILLA), TAGS(column6, column7)); --
200 OK


-- EXECUTE SQL: CREATE TABLE IF NOT EXISTS test3( column1 BIGINT CODEC(DELTA), column1 BIGINT CODEC(DELTA), column2 STRING CODEC(GZIP), column3 BIGINT UNSIGNED CODEC(NULL), column4 BOOLEAN, column5 DOUBLE CODEC(GORILLA), TAGS(column6, column7)); --
422 Unprocessable Entity
{"error_code":"010027","error_message":"Semantic error: Field or Tag have the same name column1"}
-- ERROR:  --

-- EXECUTE SQL: CREATE TABLE IF NOT EXISTS test4( column1 BIGINT CODEC(DEL), column2 STRING CODEC(GZIP), column3 BIGINT UNSIGNED CODEC(NULL), column4 BOOLEAN, column5 DOUBLE CODEC(GORILLA), TAGS(column6, column7)); --
422 Unprocessable Entity
{"error_code":"010009","error_message":"sql parser error: DEL is not valid encoding"}
-- ERROR:  --

-- EXECUTE SQL: CREATE TABLE IF NOT EXISTS test5( column1 BIGINT CODEC(DELTA), column2 STRING CODEC(GZIP), column3 BIGINT UNSIGNED CODEC(NULL), column4 BOOLE, column5 DOUBLE CODEC(GORILLA), TAGS(column6, column7)); --
422 Unprocessable Entity
{"error_code":"010041","error_message":"Semantic error: Unexpected data type BOOLE of column4, "}
-- ERROR:  --

-- EXECUTE SQL: CREATE TABLE IF NOT EXISTS test6( column1 BIGINT CODEC(delta), column2 STRING CODEC(GZIP), column3 BIGINT UNSIGNED CODEC(null), column4 BOOLEAN CODEC(BITPACK), column5 DOUBLE CODEC(GORILLA), TAGS(column6, column7)); --
200 OK


-- EXECUTE SQL: CREATE TABLE IF NOT EXISTS test7( column1 BIGINT CODEC(DELTA), column2 STRING CODEC(GZIP), column3 BIGINT UNSIGNED CODEC(), column4 BOOLEAN, column5 DOUBLE CODEC(GORILLA), TAGS(column6, column7)); --
422 Unprocessable Entity
{"error_code":"010009","error_message":"sql parser error: expect codec encoding type in ()"}
-- ERROR:  --

-- EXECUTE SQL: DROP TABLE test0; --
200 OK


-- EXECUTE SQL: SELECT ALL * FROM test0; --
-- AFTER_SORT --
422 Unprocessable Entity
{"error_code":"010001","error_message":"Datafusion: Error during planning: Table not found, tenant: cnosdb db: createtable, table: test0"}
-- ERROR:  --

-- EXECUTE SQL: CREATE TABLE test0( column1 BIGINT CODEC(DELTA), column3 BIGINT UNSIGNED CODEC(NULL), column4 BOOLEAN, column5 DOUBLE CODEC(GORILLA), TAGS(column6, column8, column7)); --
200 OK


-- EXECUTE SQL: SELECT ALL * FROM test0; --
-- AFTER_SORT --
200 OK


-- EXECUTE SQL: CREATE TABLE IF NOT EXISTS test8 ( column1 BIGINT CODEC(DELTA), column2 BIGINT UNSIGNED CODEC(NULL), column3 BOOLEAN ); --
200 OK


-- EXECUTE SQL: DESCRIBE TABLE test8; --
200 OK
column_name,data_type,column_type,compression_codec
time,TIMESTAMP(NANOSECOND),TIME,DEFAULT
column1,BIGINT,FIELD,DELTA
column2,BIGINT UNSIGNED,FIELD,NULL
column3,BOOLEAN,FIELD,DEFAULT

-- EXECUTE SQL: DROP TABLE test8; --
200 OK


-- EXECUTE SQL: DROP DATABASE IF EXISTS createtable; --
200 OK

